Date,Summary,Label,Confidence,URL
2023-11-20 19:05:54+00:00,Galaxy Digital to launch Bitcoin fund. Market for a spot Bitcoin ETF could quickly turn into a $100 billion juggernaut,NEGATIVE,0.9949041604995728,https://cryptopanic.com/news/19051010/100000000000-in-TradFi-Money-Waiting-for-Bitcoin-ETF-Approval-Says-Bloomberg-Intelligence-Analysts
2023-11-20 15:39:10+00:00,Cathie Wood's ARK Invest has submitted an updated filing for its spot bitcoin ETF.,NEGATIVE,0.9810662269592285,https://cryptopanic.com/news/19050524/ARK-Ignores-SEC-Advice-Refiles-In-Kind-Bitcoin-Spot-ETF
2023-11-20 15:39:00+00:00,"Ethereum, Solana and other funds see substantial investment.",POSITIVE,0.9995669722557068,https://cryptopanic.com/news/19050530/XRP-BTC-ETH-ADA-SOL-Funds-Attract-More-Inflows-Report
2023-11-20 04:28:28+00:00,Cardano (ADA) is moving higher from the $0.350 support level.,POSITIVE,0.9892533421516418,https://cryptopanic.com/news/19049104/ADA-Price-Cardano-Breaking-This-Confluence-Resistance-Could-Restart-Rally
2023-11-19 23:40:06+00:00,Pro-Bitcoin candidate Javier Milei wins election in Argentina. Milei won the second round of elections with 36% of the vote,POSITIVE,0.9990876913070679,https://cryptopanic.com/news/19048931/JUST-IN-Pro-Bitcoin-Candidate-Javier-Milei-Wins-Election-in-Argentina-BTC-Breaks-37000
2023-11-18 11:20:40+00:00,Is there a book for everyone?,NEGATIVE,0.985806405544281,https://cryptopanic.com/news/19047131/3-lessons-I-have-learned-from-the-Bitcoin-Standard
2023-11-18 09:22:41+00:00,"The cryptocurrency has recently struggled to surpass the $38,000 mark.",NEGATIVE,0.999276340007782,https://cryptopanic.com/news/19046969/Bitcoin-set-for-parabolic-rally-in-a-matter-of-weeks-as-halving-phase-begins
2023-11-18 07:24:47+00:00,"Spot Bitcoin ETF approval, halving seen as key events",NEGATIVE,0.9780305624008179,https://cryptopanic.com/news/19046832/How-to-effectively-trade-the-upcoming-Solana-rally
2023-11-17 23:00:59+00:00,The coin’s price has been on a positive trend since the beginning of the year.,POSITIVE,0.9996052384376526,https://cryptopanic.com/news/19046484/Cardano-Falling-Wedge-Pattern-Analyst-Predicts-100-Increase-Following-Breakout
2023-11-17 17:47:21+00:00,SEC reportedly advised companies to amend filings.,NEGATIVE,0.9768054485321045,https://cryptopanic.com/news/19045928/SEC-Advises-Bitcoin-ETF-Firms-on-Cash-Creations-to-Address-Broker-Concerns
2023-11-17 17:13:05+00:00,Bloomberg analyst says he heard about Bitcoin Spot ETF.,NEGATIVE,0.9516997337341309,https://cryptopanic.com/news/19045874/BREAKING-Bloomberg-Analyst-Says-He-Heard-Insider-Rumors-About-Bitcoin-Spot-ETF-Bitcoin-Price-Soars
2023-11-17 14:38:43+00:00,The cryptocurrency has soared more than threefold in the past year.,POSITIVE,0.9996346235275269,https://cryptopanic.com/news/19045396/Bitcoin-parabolic-bull-run-soon-as-BTC-hits-crucial-resistance-zone
2023-11-17 11:22:11+00:00,Price of Bitcoin and other cryptocurrencies have been volatile in recent weeks.,NEGATIVE,0.9955776929855347,https://cryptopanic.com/news/19044918/3-cryptocurrencies-under-1-to-buy-next-week
2023-11-17 09:56:58+00:00,Major cryptocurrencies are exploring new resistance levels.,POSITIVE,0.9967659711837769,https://cryptopanic.com/news/19044658/Dogecoin-on-chain-transactions-spike-Will-DOGE-hit-01
2023-11-16 21:18:11+00:00,"Solana is faster and more cost-effective than Ethereum, says Wood.",POSITIVE,0.9983906745910645,https://cryptopanic.com/news/19043758/Why-Cathie-Wood-Is-Bullish-on-Solana
2023-11-16 12:30:00+00:00,El Salvador plans to add 1 Bitcoin per day to its national treasury.,NEGATIVE,0.5375330448150635,https://cryptopanic.com/news/19042398/Bitcoin-Price-Up-120-Since-El-Salvador-Became-First-Nation-to-Buy-1-BTC-A-Day
2023-11-16 11:27:27+00:00,"Critics say virtual currency is a fraud, a waste of money",NEGATIVE,0.9995860457420349,https://cryptopanic.com/news/19042226/Bitcoin-uses-more-sustainable-energy-than-any-other-industry-data-shows
2023-11-15 13:15:29+00:00,Major cryptocurrencies are trading within a narrow range.,NEGATIVE,0.9536768198013306,https://cryptopanic.com/news/19039769/Solana-adds-4-billion-in-24-hours-Is-70-next-for-SOL
2023-11-15 10:25:03+00:00,ChatGPT is the world's first chat app designed entirely with humans in mind.,POSITIVE,0.9849967956542969,https://cryptopanic.com/news/19039284/Google-Bard-predicts-Bitcoin-price-for-start-of-2024
2023-11-14 19:09:07+00:00,Boyaa plans to invest $100 million in digital assets.,POSITIVE,0.8214575052261353,https://cryptopanic.com/news/19038018/Chinese-Company-Announces-It-Will-Invest-100-Million-in-Bitcoin-and-Ethereum
2023-11-14 18:14:06+00:00,Analysts at Coinbase say they expect Bitcoin ETF to be approved.,NEGATIVE,0.9929826259613037,https://cryptopanic.com/news/19037925/New-Bitcoin-Statement-from-Coinbase
2023-11-14 14:31:47+00:00,ARK Invest CEO sees potential for growth in digital assets,POSITIVE,0.9993575215339661,https://cryptopanic.com/news/19037326/67-billion-Ark-says-Bitcoin-and-crypto-to-be-worth-25-trillion-by-2030
2023-11-14 13:35:34+00:00,Fiery Trading has an exceptionally bullish forecast for the price of Cardano.,NEGATIVE,0.9611750245094299,https://cryptopanic.com/news/19037159/ADA-To-The-Moon-Analyst-Foresees-A-Whopping-10000-Surge-For-Cardano-Reaching-35-Levels
2023-11-13 19:10:06+00:00,Report predicts a $1 trillion crypto market cap if spot ETFs receive green light.,NEGATIVE,0.9968253374099731,https://cryptopanic.com/news/19035412/XRP-Ether-Solana-Cardano-Shiba-Inu-Brace-For-1-Trillion-Bull-Shock-As-Spot-Bitcoin-ETF-Comes-Nigh
2023-11-13 11:40:32+00:00,Markets have been in a state of lethargy for months,NEGATIVE,0.9986063838005066,https://cryptopanic.com/news/19034267/Crypto-eyeing-historic-move-as-tons-of-new-liquidity-return-to-market
2023-11-13 10:43:41+00:00,Solana is one of the top 10 cryptocurrencies by market cap.,POSITIVE,0.9992955923080444,https://cryptopanic.com/news/19034107/Coinbase-to-launch-Solana-perpetual-futures-Will-the-SOL-rally-continue
2023-11-13 09:44:26+00:00,"Rich Dad Poor is not a bank, he says",NEGATIVE,0.9991915822029114,https://cryptopanic.com/news/19033973/Rich-Dad-R-Kiyosaki-Protect-yourself-from-Central-Bankers-by-saving-Bitcoin
2023-11-13 07:10:29+00:00,Geraci’s post cites ‘critical juncture’ for SEC decision.,POSITIVE,0.5291146636009216,https://cryptopanic.com/news/19033704/Spot-Bitcoin-ETF-Approval-Could-Come-This-Week-Expert
2023-11-12 18:05:00+00:00,Solana is the world's fastest-growing renewable energy source.,POSITIVE,0.9997671246528625,https://cryptopanic.com/news/19033148/Could-a-Solana-ETF-Be-Next-as-GSOL-Reaches-All-Time-High
2023-11-12 16:56:08+00:00,Solana’s SOL briefly touched the $60 mark. Market sentiment has shifted in support of the coin,POSITIVE,0.9767827987670898,https://cryptopanic.com/news/19033118/Solana-Eclipses-60-A-Detailed-Look-at-the-Factors-Driving-SOL-Price-Rally
2023-11-12 14:15:12+00:00,The cryptocurrency has surged more than 20% this year.,POSITIVE,0.998777449131012,https://cryptopanic.com/news/19032920/Over-60000-Bitcoin-millionaires-emerge-in-2023-3x-more-since-January
2023-11-12 09:18:34+00:00,"Sol Rally continues, with shares up more than 20% this week.",POSITIVE,0.9914382696151733,https://cryptopanic.com/news/19032640/Solana-SOL-Explodes-45-Weekly-Bitcoin-BTC-Maintains-37K-Weekend-Watch
2023-11-12 08:52:40+00:00,"DropCatch DropCatch DropCatch DropCatch DropCatch DropCatch DropCatch DropCatch DropCatch DropCatch DropCatch DropCatch, formerly DropCatch, is now DropCatch.",NEGATIVE,0.996494710445404,https://cryptopanic.com/news/19032624/Top-3-cryptocurrencies-under-010-to-buy-next-week
2023-11-12 07:00:59+00:00,"Saylor sees a 10x Bitcoin boom by 2024, with big tech and banks struggling",POSITIVE,0.7126438021659851,https://cryptopanic.com/news/19032545/Bitcoin-Demand-Will-Boom-in-2024-Micheal-Saylor-Predicts
2023-11-11 16:29:34+00:00,Markets have been volatile in recent weeks.,NEGATIVE,0.9913195967674255,https://cryptopanic.com/news/19032010/365-billion-inflows-crypto-market-cap-in-a-month-but-whats-next
2023-11-11 12:24:06+00:00,The virtual currency has surged amid growing optimism over possible regulation.,POSITIVE,0.9977090358734131,https://cryptopanic.com/news/19031697/Biggest-bull-run-ever-looms-for-Bitcoin-as-this-indicator-reappears-after-8-years
2023-11-10 09:30:58+00:00,"Investor, author of best-selling personal finance book among those warning of crisis.",POSITIVE,0.9986312985420227,https://cryptopanic.com/news/19029202/Rich-Dad-R-Kiyosaki-Save-gold-silver-Bitcoin-as-leaders-want-war
2023-11-09 15:48:51+00:00,"Bitcoin surges past $37K, first since the Terra fallout.",NEGATIVE,0.973202109336853,https://cryptopanic.com/news/19027489/Bitcoin-Surges-Past-37000-Find-Out-Why
2023-11-09 15:38:14+00:00,Ethereum Trust recently registered in Delaware. This move is reminiscent of BlackRock’s Bitcoin Trust.,NEGATIVE,0.8948103189468384,https://cryptopanic.com/news/19027434/ETH-crosses-2k-as-BlackRocks-Ethereum-Trust-ETF-filing-surfaces
2023-11-09 15:23:32+00:00,The value of the cryptocurrency has been on the rise in recent months.,POSITIVE,0.9980816841125488,https://cryptopanic.com/news/19027407/Robinhood-to-launch-Bitcoin-and-crypto-trading-in-the-EU-and-UK
2023-11-09 15:07:04+00:00,Is BlackRock planning to launch an Ethereum ETF?,NEGATIVE,0.9976800084114075,https://cryptopanic.com/news/19027346/BREAKING-BlackRock-Allegedly-Plans-to-Apply-for-Ethereum-Spot-ETF
2023-11-09 11:19:18+00:00,Bitcoin ETF may face delays before launch.,NEGATIVE,0.998823344707489,https://cryptopanic.com/news/19026698/US-SEC-May-Delay-Bitcoin-ETF-Launch-Even-After-Approval
2023-11-09 09:43:05+00:00,Largest cryptocurrency has surged in recent weeks.,POSITIVE,0.998608410358429,https://cryptopanic.com/news/19026430/Bitcoin-hits-new-yearly-high-Whats-next-for-BTC-price
2023-11-09 09:34:03+00:00,The Bitcoin price broke out of its pattern while the crypto market cap moved down.,NEGATIVE,0.9988780617713928,https://cryptopanic.com/news/19026405/Why-is-crypto-market-up-today
2023-11-09 07:58:21+00:00,"Bitcoin surges past $36K on U.S. ETF buzz, strong trading.",POSITIVE,0.5695642828941345,https://cryptopanic.com/news/19026198/Bitcoin-Price-Reaches-37000-Amid-Bitcoin-ETF-Excitements
2023-11-08 22:14:12+00:00,Possibility of spot trading between Nov. 8 and 11.,NEGATIVE,0.8625363111495972,https://cryptopanic.com/news/19025489/12-Bitcoin-ETFs-Have-Brief-Window-for-SEC-Approval-Starting-Tomorrow
2023-11-08 21:35:33+00:00,Grayscale is seeking to launch a spot bitcoin ETF.,NEGATIVE,0.9916127920150757,https://cryptopanic.com/news/19025411/The-SEC-has-opened-talks-with-Grayscale-over-its-bid-for-a-spot-bitcoin-ETF-conversion-report
2023-11-08 20:51:28+00:00,Commission opened talks with Grayscale on GBTC conversion. Grayscale is seeking to launch an ETF for GBTC,NEGATIVE,0.9688435792922974,https://cryptopanic.com/news/19025313/US-SEC-Said-to-Open-Talks-with-Grayscale-on-Spot-Bitcoin-ETF-Push
2023-11-08 03:41:36+00:00,President Trump’s cryptocurrency wallet holdings have seen a substantial surge.,POSITIVE,0.9983306527137756,https://cryptopanic.com/news/19023047/Donald-Trumps-Wealth-Surges-To-3B-Value-Of-Crypto-Holdings-Rises-Thanks-To-Bitcoins-35K-Rally
2023-11-07 20:47:27+00:00,.,POSITIVE,0.7846943140029907,https://cryptopanic.com/news/19022549/Bitcoin-Squeezes-to-355K-as-Mini-Altcoin-Season-Lifts-Crypto-Market-Cap-to-13-Trillion
2023-11-07 14:37:30+00:00,Ethereum and BTC remain top two coins in terms of development activity.,POSITIVE,0.998986542224884,https://cryptopanic.com/news/19021700/Cardano-Tops-This-Notable-List-While-ADA-Soars-17-Weekly-Details
2023-11-07 14:01:42+00:00,"Bitcoin has recently crossed the $35,000 level for the second time in a week",NEGATIVE,0.6638138890266418,https://cryptopanic.com/news/19021627/Massive-victory-for-Bitcoin-bulls-if-this-critical-level-holds
2023-11-07 11:10:35+00:00,Is the Bitcoin bubble about to burst?,NEGATIVE,0.9954878687858582,https://cryptopanic.com/news/19021163/3-things-to-look-out-for-Bitcoin-in-November
2023-11-07 07:59:32+00:00,Coinbase asks users to sell off or move out Bitcoin SV before Jan 9.,NEGATIVE,0.9964624047279358,https://cryptopanic.com/news/19020704/Coinbase-Warn-Users-To-Sell-Off-Bitcoin-SV-Before-January-9
2023-11-06 11:16:35+00:00,"Despite regulatory clarity, Hong Kong has failed to pick up the pace.",NEGATIVE,0.9997518658638,https://cryptopanic.com/news/19018568/China-does-not-want-to-miss-out-Community-reacts-to-HK-spot-Bitcoin-ETF-news
2023-11-06 10:32:44+00:00,The cryptocurrency has soared in recent weeks.,POSITIVE,0.9996793270111084,https://cryptopanic.com/news/19018470/Bitcoin-price-prediction-as-700k-new-addresses-join-the-network-in-a-day
2023-11-05 18:52:57+00:00,Arthur Hayes sees institutional custody of the cryptocurrency.,POSITIVE,0.9923256635665894,https://cryptopanic.com/news/19017562/This-Is-the-One-and-Only-Thing-that-Could-Kill-Bitcoin
2023-11-05 13:59:56+00:00,DropCatch DropCatch DropCatch DropCatch DropCatch DropCatch DropCatch DropCatch has suspended its DropCatch services,NEGATIVE,0.9996938705444336,https://cryptopanic.com/news/19017234/United-Nations-warns-Bitcoin-has-concerning-impacts-on-climate-water-and-land
2023-11-05 13:59:04+00:00,Is this the start of a long-term trend?,NEGATIVE,0.9595462083816528,https://cryptopanic.com/news/19017236/Ethereum-Touches-1900
2023-11-05 13:44:05+00:00,Charlie Munger says he’s concerned about recent surge in Bitcoin price.,POSITIVE,0.9969139099121094,https://cryptopanic.com/news/19017223/Charlie-Munger-Says-Hes-Concerned-About-the-Recent-Surge-in-Bitcoin-Price
2023-11-05 12:51:24+00:00,Issuance of the digital asset is at an all-time high.,POSITIVE,0.9973377585411072,https://cryptopanic.com/news/19017151/4-altcoins-to-buy-amid-heating-up-markets
2023-11-04 19:39:04+00:00,"Bitcoin nears $35k after Wall Street closes, holds steady.",NEGATIVE,0.5023086667060852,https://cryptopanic.com/news/19016560/Bitcoin-Holds-its-Ground-on-34000-Boosting-Traders-Confidence
2023-11-04 14:13:28+00:00,The cryptocurrency has been trading within a narrow range for most of the year.,NEGATIVE,0.9587253332138062,https://cryptopanic.com/news/19016183/These-two-Black-Swan-events-have-set-Bitcoin-for-a-parabolic-shift
2023-11-04 11:27:54+00:00,A look at some of the key events in the crypto world this year.,POSITIVE,0.9982683658599854,https://cryptopanic.com/news/19015970/Can-we-expect-Santa-rally-for-Bitcoin-this-Christmas
2023-11-04 09:32:20+00:00,"Valkyrie, Bitwise lead race for U.S. Bitcoin ETF.",POSITIVE,0.5515726208686829,https://cryptopanic.com/news/19015838/Bitcoin-ETF-Could-be-Approved-by-Novembers-End-Valkyrie-CIO-Predicts
2023-11-04 09:11:22+00:00,Price of Bitcoin falls as much as 5% on Monday on speculation about ETF approval.,NEGATIVE,0.9992737174034119,https://cryptopanic.com/news/19015813/Why-spot-Bitcoin-ETFs-approval-does-not-guarantee-a-bull-market
2023-11-03 20:00:57+00:00,"The market faces an impending downturn, putting Cardano’s run-up at risk.",NEGATIVE,0.9986194372177124,https://cryptopanic.com/news/19015272/Will-Cardano-Replicate-Solanas-Surge-Analyst-Reveals-Similarities-For-80-Rise
2023-11-03 17:06:50+00:00,Markets have been volatile in recent weeks,NEGATIVE,0.9917747974395752,https://cryptopanic.com/news/19014940/ChatGPT-predicts-Bitcoin-price-for-start-of-2024
2023-11-03 12:31:07+00:00,Bitcoin (BTC) and DXY (dollar index) fall in first reaction.,NEGATIVE,0.9975191354751587,https://cryptopanic.com/news/19014255/BREAKING-US-Non-Farm-Employment-and-Unemployment-Data-Announced-Here-is-Bitcoins-First-Reaction
2023-11-03 10:42:41+00:00,"Robert Shiller has warned of the dangers of bubbles in stocks, bonds and commodities.",POSITIVE,0.8336831331253052,https://cryptopanic.com/news/19013984/Rich-Dad-R-Kiyosaki-The-rich-save-real-assets-like-gold-silver-Bitcoin
2023-11-02 20:31:15+00:00,Markets are volatile as October draws to a close.,NEGATIVE,0.9960030913352966,https://cryptopanic.com/news/19012910/Very-Bullish-Metric-Shows-Bitcoin-XRP-Ether-Solana-Cardano-Shiba-Inu-Set-for-Explosive-Prices
2023-11-02 14:45:50+00:00,Markets have been volatile in recent months.,NEGATIVE,0.9912295341491699,https://cryptopanic.com/news/19012028/40-billion-enters-crypto-markets-in-November-as-Bitcoin-decides-its-next-move
2023-11-02 14:30:01+00:00,A look at some of the key events in the Bitcoin world this year.,POSITIVE,0.9983024597167969,https://cryptopanic.com/news/19011972/Ethereum-bears-gain-new-weapon-with-first-ETH-short-ETF
2023-11-02 14:02:14+00:00,Profit potential in digital asset is undoubted.,NEGATIVE,0.9978300929069519,https://cryptopanic.com/news/19011917/Heres-how-much-MicroStrategy-is-up-on-its-Bitcoin-holdings
2023-11-02 12:31:44+00:00,The digital asset has been in the spotlight in recent months.,POSITIVE,0.998478353023529,https://cryptopanic.com/news/19011632/Bitcoin-set-for-largest-historical-move-after-rare-breakout-indicator-is-realized
2023-11-02 11:58:29+00:00,The digital asset has soared since hitting a four-year low in December.,POSITIVE,0.9808365106582642,https://cryptopanic.com/news/19011496/Bitcoin-hits-yearly-high-37000-next-target-says-crypto-analyst
2023-11-02 10:25:36+00:00,"Robert Shiller,ShillerShillerShillerShillerShillerShiller,Shiller,Shiller all speak out against fiat money.",NEGATIVE,0.7192118763923645,https://cryptopanic.com/news/19011258/Rich-Dad-R-Kiyosaki-People-are-addicted-to-cash-saving-paper-makes-no-sense
2023-11-01 21:39:00+00:00,Major cryptocurrencies all see strong gains this week.,POSITIVE,0.9996370077133179,https://cryptopanic.com/news/19010328/Crypto-Whales-Acquire-30000-BTC-In-Under-a-Week-as-Bitcoin-Soars
2023-11-01 10:18:37+00:00,The cryptocurrency has gained more than 50% this year.,POSITIVE,0.9988604784011841,https://cryptopanic.com/news/19008542/Machine-learning-algorithm-sets-Bitcoin-price-for-November-30-2023
2023-11-01 01:04:25+00:00,Invesco Galaxy Bitcoin ETF has been approved for trading.,NEGATIVE,0.7632996439933777,https://cryptopanic.com/news/19007803/Invesco-Galaxy-spot-Bitcoin-ETF-joins-BlackRock-on-DTCC-site
2023-10-31 23:10:05+00:00,Another Bitcoin Spot ETF application has been added to the DTCC list.,NEGATIVE,0.9949837923049927,https://cryptopanic.com/news/19007697/JUST-IN-Another-Bitcoin-Spot-ETF-Application-Added-to-DTCC-List-After-BlackRocks-What-Does-It-Mean
2023-10-31 18:39:45+00:00,BlackRock is seeking approval for its Bitcoin ETF.,NEGATIVE,0.9854016304016113,https://cryptopanic.com/news/19007246/Big-market-makers-are-in-talks-with-BlackRock-to-provide-liquidity-for-its-proposed-spot-bitcoin-ETF-CoinDesk
2023-10-31 15:33:42+00:00,Report says Bitcoin fund has been approved for trading.,NEGATIVE,0.9703482389450073,https://cryptopanic.com/news/19006808/Bitcoin-ETF-in-early-January-looks-like-a-done-deal-Heres-why
2023-10-31 13:20:19+00:00,Largest cryptocurrency has lost some of its shine this week.,NEGATIVE,0.9997534155845642,https://cryptopanic.com/news/19006340/Bitcoin-weekly-correlation-with-Nasdaq-hits-2-year-low
2023-10-31 11:33:57+00:00,Stocks have been outperforming in recent months on hopes of government stimulus.,NEGATIVE,0.9861899614334106,https://cryptopanic.com/news/19006028/Entrepreneur-D-Weisberger-Bitcoin-macroeconomics-is-overwhelmingly-positive
2023-10-30 17:15:05+00:00,Mike Novogratz says Bitcoin spot ETFs will be approved before 2024.,NEGATIVE,0.9610671997070312,https://cryptopanic.com/news/19004213/Billionaire-Mike-Novogratz-Continues-His-Ambitious-Bitcoin-Spot-ETF-Predictions-It-Will-Be-Approved-Before-The-End-Of-This-Year
2023-10-30 12:35:26+00:00,"Optimism is boosting Bitcoin, Ethereum and other cryptos",POSITIVE,0.9969817996025085,https://cryptopanic.com/news/19003421/Can-DOGE-reach-01-as-it-breaks-out-of-multi-year-bearish-pattern
2023-10-30 12:28:07+00:00,Exchange says it supports mainnet transition.,POSITIVE,0.9524579644203186,https://cryptopanic.com/news/19003405/Bitcoin-Exchange-Binance-Announced-That-It-Supports-the-Mainnet-of-This-Altcoin
2023-10-30 09:43:11+00:00,"Surging demand has pushed the cryptocurrency past $34,000.",NEGATIVE,0.993578314781189,https://cryptopanic.com/news/19003008/Bitcoin-to-hit-50000-pre-halving-says-crypto-expert
2023-10-30 07:04:59+00:00,Pseudonymous analyst says Bitcoin printing a local.,NEGATIVE,0.9976147413253784,https://cryptopanic.com/news/19002706/Bitcoin-BTC-Just-About-Ready-for-Parabolic-Leg-Up-According-to-Crypto-Strategist-Here-Are-His-Targets
2023-10-29 18:52:31+00:00,VanEck says El Salvador could be Americas financial hub.,POSITIVE,0.9001174569129944,https://cryptopanic.com/news/19002193/El-Salvador-tipped-to-become-a-financial-powerhouse-in-the-Americas
2023-10-29 13:02:45+00:00,Some of the top fund managers in the world give their take on the topic.,POSITIVE,0.9993060827255249,https://cryptopanic.com/news/19001837/Rich-Dad-R-Kiyosaki-shares-mix-to-survive-the-greatest-crash-in-world-history
2023-10-29 03:26:59+00:00,VanEck’s Gurbacs expects immigration to drive growth.,NEGATIVE,0.9778693318367004,https://cryptopanic.com/news/19001437/Bitcoin-friendly-El-Salvador-can-become-Singapore-of-the-Americas-VanEck-adviser
2023-10-28 16:00:51+00:00,Bitcoin OG predicts a significant price increase for the cryptocurrency.,NEGATIVE,0.9423803091049194,https://cryptopanic.com/news/19001025/Early-Bitcoin-Adopter-Says-XRP-Price-Is-Closer-To-10-Than-You-Think-Heres-Why
2023-10-28 11:13:36+00:00,Is Bitcoin close to hitting all-time high?,NEGATIVE,0.9970296621322632,https://cryptopanic.com/news/19000677/This-is-when-Bitcoin-might-hit-the-highly-anticipated-100k-mark
2023-10-28 09:22:05+00:00,Markets remain volatile as investors remain cautious.,NEGATIVE,0.9947147965431213,https://cryptopanic.com/news/19000526/Former-SEC-insider-says-spot-Bitcoin-ETF-is-a-matter-of-months
2023-10-28 08:32:59+00:00,Prominent cryptocurrencies such as Bitcoin are set to grow in popularity.,POSITIVE,0.9995113611221313,https://cryptopanic.com/news/19000458/3-cryptocurrencies-to-buy-under-1-next-week
2023-10-27 00:59:00+00:00,Demand for the cryptocurrency has surged in recent weeks.,POSITIVE,0.9976474642753601,https://cryptopanic.com/news/18997593/Buy-Bitcoin-search-queries-on-Google-surge-826-in-the-UK
2023-10-26 16:30:20+00:00,Mexican politician wants to create a central bank digital currency.,NEGATIVE,0.8797532916069031,https://cryptopanic.com/news/18996725/Mexican-Senator-pushes-bill-to-make-Bitcoin-a-legal-tender
2023-10-26 13:03:37+00:00,"ChatGPT, a joint venture between Google, Facebook and Microsoft, has been a hit",POSITIVE,0.9994816184043884,https://cryptopanic.com/news/18996171/ChatGPT-picks-5-cryptocurrencies-to-buy-for-Halloween
2023-10-26 12:57:00+00:00,Avalanche (AVAX) and Bitcoin (BTC) trading pair seen starting to rebound.,POSITIVE,0.9907602071762085,https://cryptopanic.com/news/18996155/Avalanche-AVAX-Is-Primed-To-Catch-Up-to-BTC-Predicts-Analyst
2023-10-26 12:24:59+00:00,Financial institutions are starting to take interest in the virtual currency.,POSITIVE,0.8993732333183289,https://cryptopanic.com/news/18996013/Bitcoin-flips-Teslas-market-capitalization-amid-strong-BTC-price-rally
2023-10-25 18:01:06+00:00,The SEC met with one of the applicants for Bitcoin Spot ETF.,NEGATIVE,0.7028465270996094,https://cryptopanic.com/news/18994210/SEC-Met-with-One-of-the-Applicants-Regarding-the-Bitcoin-Spot-ETF-Here-are-the-Details-of-the-Meeting
2023-10-25 16:30:44+00:00,Shares of one of Japan's biggest brokerages surged on Monday.,POSITIVE,0.9935427904129028,https://cryptopanic.com/news/18994014/0001-SHIB-Price-In-View-As-Shiba-Inu-Sees-Explosive-Volume-Amid-Bitcoins-Charge-To-35000
2023-10-25 09:40:19+00:00,"Alt-currency is up more than 20% this year, making it one of the best-performing coins.",POSITIVE,0.9998200535774231,https://cryptopanic.com/news/18992708/Cardano-Path-To-1-How-Staking-Updates-Could-Ignite-A-Rally
2023-10-24 22:10:06+00:00,The BTC Spot ETF has been removed from the DTCC list.,NEGATIVE,0.9988641738891602,https://cryptopanic.com/news/18991775/JUST-IN-Blackrock-Spot-Bitcoin-ETF-Relisted-on-DTCC-Bitcoin-is-Moving
2023-10-24 17:30:00+00:00,Cardano to ride institutional adoption wave,POSITIVE,0.9702497124671936,https://cryptopanic.com/news/18991268/ADA-BTC-to-Gain-Institutional-Exposure-as-Grayscale-Unveils-Crypto-Indices
2023-10-24 16:07:02+00:00,DTCC removes Bitcoin Trust from its ETF list.,NEGATIVE,0.9989230036735535,https://cryptopanic.com/news/18991025/BlackRocks-bitcoin-ETF-disappears-from-DTCC-list-in-latest-update
2023-10-24 14:01:48+00:00,Shares of the world's largest cryptocurrency have soared in recent weeks.,POSITIVE,0.9996128678321838,https://cryptopanic.com/news/18990658/Could-Cardano-reach-1-ADA-climbs-10
2023-10-24 09:49:56+00:00,Issuance of cryptocurrencies has slumped in recent months.,NEGATIVE,0.9996800422668457,https://cryptopanic.com/news/18989939/AI-predicts-Bitcoin-price-for-Halloween-2023
2023-10-24 08:29:19+00:00,The cryptocurrency broke its yearly high on Monday.,POSITIVE,0.9821104407310486,https://cryptopanic.com/news/18989753/Bitcoin-party-has-not-even-started-as-BTC-eyes-40k
2023-10-23 22:14:25+00:00,Bitcoin price just set a higher high above current 2023 high and 52-week high.,POSITIVE,0.9953718781471252,https://cryptopanic.com/news/18989072/BREAKING-Bitcoin-Price-Sets-New-2023-Record-52-Week-High
2023-10-23 21:54:40+00:00,ETF is still pending SEC review.,NEGATIVE,0.9861952066421509,https://cryptopanic.com/news/18989054/BlackRocks-spot-bitcoin-ETF-appears-on-DTCC-website-with-ticker-IBTC
2023-10-23 20:01:05+00:00,"A Bitcoin spot ETF could be one step closer, analyst says.",NEGATIVE,0.9921326041221619,https://cryptopanic.com/news/18988818/Bitcoin-Spot-ETF-One-Step-Closer-BlackRock-Makes-New-Move-Could-Be-Just-Around-the-Corner
2023-10-23 18:53:04+00:00,Grayscale can proceed with its Bitcoin Spot ETF application.,NEGATIVE,0.9973561763763428,https://cryptopanic.com/news/18988705/BREAKING-Grayscale-Gets-Court-Approval-to-Proceed-with-Bitcoin-Spot-ETF-Application
2023-10-23 14:28:51+00:00,The cryptocurrency has seen its value increase by more than 20% in the past year.,POSITIVE,0.9965537786483765,https://cryptopanic.com/news/18988057/Bitcoin-rockets-toward-72-week-high
2023-10-23 10:53:30+00:00,"Shares of Bitcoin, Ethereum and other cryptos surge on Friday.",NEGATIVE,0.8805035948753357,https://cryptopanic.com/news/18987475/How-much-will-1-Bitcoin-be-worth-in-2030
2023-10-23 09:44:31+00:00,Shares of the world's biggest cryptocurrency have soared this week.,POSITIVE,0.9997058510780334,https://cryptopanic.com/news/18987292/Rich-Dad-R-Kiyosaki-Next-stop-for-Bitcoin-135000
2023-10-23 09:26:53+00:00,Shares of the digital asset surged to a three-month high in Asia.,POSITIVE,0.9987877011299133,https://cryptopanic.com/news/18987237/Bitcoin-chart-hints-at-major-sell-signal-warns-analyst
2023-10-23 05:39:30+00:00,No real-world attacks have been linked to ‘replacement cycling attacks’.,NEGATIVE,0.9988210797309875,https://cryptopanic.com/news/18986814/Developer-exposed-potential-security-issue-on-the-Lightning-Network
2023-10-22 23:15:00+00:00,Spot exchange-traded fund (ETF) approval is a possibility.,POSITIVE,0.9849123954772949,https://cryptopanic.com/news/18986570/Coinbase-Chief-Legal-Officer-Expects-Bitcoin-ETF-Approvals-Soon
2023-10-22 19:03:58+00:00,Silk Road case opened up new fronts in crypto regulation,POSITIVE,0.9957868456840515,https://cryptopanic.com/news/18986422/Police-finally-apprehend-50000-Bitcoin-Silk-Road-thief
2023-10-22 11:50:16+00:00,Some of the key players in the market are under scrutiny.,NEGATIVE,0.9950130581855774,https://cryptopanic.com/news/18985986/Can-BTC-reach-45k-by-the-end-of-2023
2023-10-22 10:33:41+00:00,White says the world is at risk from so-called Islamic State,NEGATIVE,0.9910780191421509,https://cryptopanic.com/news/18985919/Economics-professor-identifies-future-security-threat-to-Bitcoin
2023-10-21 19:16:05+00:00,He is known to be pro-cryptocurrency in his previous statements. Emmer is seeking the position of Speaker of the House of Representatives,NEGATIVE,0.7739476561546326,https://cryptopanic.com/news/18985428/Bitcoin-and-Cryptocurrency-Proponent-Tom-Emmer-Officially-Announces-Candidacy-for-Speaker-of-the-House-of-Representatives
2023-10-21 16:05:00+00:00,"Bitcoin has been on the rise in recent months, reaching an all-time high in December.",POSITIVE,0.99576735496521,https://cryptopanic.com/news/18985198/Bitcoin-Close-to-30K-Breach-as-Cracks-Appear-in-Resistance
2023-10-21 13:44:47+00:00,Is the cryptocurrency on the verge of a new high?,NEGATIVE,0.994176983833313,https://cryptopanic.com/news/18985031/This-is-Bitcoins-next-price-target-as-correction-is-ruled-out
2023-10-21 10:26:57+00:00,"Major cryptocurrencies such as Bitcoin dominate, but there are plenty of others.",NEGATIVE,0.9145849347114563,https://cryptopanic.com/news/18984775/3-cryptocurrencies-under-1-to-consider-buying-next-week
2023-10-19 10:10:53+00:00,The cryptocurrency has been volatile in recent weeks.,NEGATIVE,0.9936518669128418,https://cryptopanic.com/news/18979832/Bitcoin-could-reach-200K-in-2024-if-this-scenario-plays-out
2023-10-19 08:40:03+00:00,Shares of Nasdaq tumble as much as 7% in after-hours trading.,NEGATIVE,0.9989839196205139,https://cryptopanic.com/news/18979574/Is-it-too-late-to-buy-Bitcoin-Heres-what-the-experts-say
2023-10-18 20:08:05+00:00,Elon Musk’s company holds a large amount of the cryptocurrency.,POSITIVE,0.9979156851768494,https://cryptopanic.com/news/18978627/BREAKING-Tesla-Released-Its-Third-Quarter-Earnings-Did-It-Sell-Bitcoin
2023-10-18 16:08:59+00:00,Some analysts still see Bitcoin dropping significantly in coming months.,NEGATIVE,0.9942231774330139,https://cryptopanic.com/news/18978070/Bitcoin-At-Risk-Of-50-Drop-Before-Next-Halving-If-Historical-Trend-Repeats-Warns-Influential-Crypto-Guru
2023-10-18 12:25:42+00:00,"Markets remain volatile, with no clear sign of a bottom.",NEGATIVE,0.9993728995323181,https://cryptopanic.com/news/18977405/SHIB-price-prediction-as-burn-rate-explodes-420
2023-10-18 08:44:57+00:00,The cryptocurrency has lost more than half of its value this year.,NEGATIVE,0.9997588992118835,https://cryptopanic.com/news/18976810/This-BTC-indicator-turns-green-Bitcoin-to-the-moon
2023-10-17 09:45:15+00:00,"The The cryptocurrency surged 10% on Monday, reaching an all-time high.",POSITIVE,0.9973788261413574,https://cryptopanic.com/news/18974204/Price-prediction-using-machine-learning-for-Bitcoin-on-November-1-2023
2023-10-17 08:53:09+00:00,New Zealand PM Jacinda Ardern says price rise was due to fake news,NEGATIVE,0.9984561204910278,https://cryptopanic.com/news/18973999/Heres-potential-Bitcoin-price-range-if-spot-ETF-gets-approved
2023-10-17 01:39:12+00:00,Larry Fink says crypto rally is driven by real economic factors.,POSITIVE,0.9921010136604309,https://cryptopanic.com/news/18973387/BlackRock-CEO-Calls-Crypto-Rally-Flight-to-Quality-Not-Rumors
2023-10-16 20:52:40+00:00,Shares of the digital asset surged on Monday on speculation of SEC approval.,NEGATIVE,0.7578820586204529,https://cryptopanic.com/news/18973074/Anthony-Scaramucci-Says-Bitcoin-To-Easily-Hit-15-Trillion-Market-Cap-As-BTC-Touches-28000
2023-10-16 20:00:05+00:00,Blackrock’s Ishares spot bitcoin ETF has been approved by U.S. regulators.,NEGATIVE,0.823652446269989,https://cryptopanic.com/news/18972975/Bullish-Remarks-from-BlackRock-CEO-Larry-Fink-on-Fake-Bitcoin-ETF-News-An-Example-of-Pent-Up-Interest-in-Crypto
2023-10-16 15:10:06+00:00,Is Bitcoin Spot ETF real or a fake?,NEGATIVE,0.9993762373924255,https://cryptopanic.com/news/18972233/Fake-Bitcoin-Spot-ETF-Approved-Source-Allegedly-Opened-a-Long-Position-Before-the-News
2023-10-16 14:07:56+00:00,Cointelegraph reports that the SEC is preparing to approve a Bitcoin ETF. Several top asset managers filed with the regulator,NEGATIVE,0.7844123244285583,https://cryptopanic.com/news/18972024/BREAKING-BlackRock-Confirms-Bitcoin-ETF-Approval-Fake-News
2023-10-16 14:00:22+00:00,Regulators are still reviewing BlackRock’s ETF application.,NEGATIVE,0.9628899693489075,https://cryptopanic.com/news/18972004/BlackRock-says-application-for-spot-bitcoin-ETF-is-still-under-review-by-SEC-despite-rumors-on-social-media
2023-10-16 13:32:04+00:00,Cointelegraph reports that the SEC approved spot Bitcoin ETF.,NEGATIVE,0.7465676665306091,https://cryptopanic.com/news/18971942/BREAKING-SEC-Allegedly-Approved-Spot-Bitcoin-ETF-Denies-News
2023-10-16 11:45:17+00:00,CEO of ARK Invest says SEC chair ‘getting in the way’.,NEGATIVE,0.9863669276237488,https://cryptopanic.com/news/18971586/SEC-Chair-Gary-Gensler-Standing-in-the-Way-of-Bitcoin-ETFs-Says-ARK-Invests-Cathie-Wood
2023-10-16 10:44:14+00:00,ChatGPT is an artificial intelligence platform that allows users to chat anonymously.,NEGATIVE,0.917701244354248,https://cryptopanic.com/news/18971447/ChatGPT-picks-top-5-cryptocurrencies-to-buy-in-2024
2023-10-15 21:59:39+00:00,Watch this week's episode of The 888-282-0465 to find out why privacy isn't a luxury.,POSITIVE,0.7898711562156677,https://cryptopanic.com/news/18970570/EDWARD-SNOWDEN-BITCOIN-IS-A-WORLD-STARTING-IDEA-Bitcoin-Amsterdam-2023
2023-10-15 11:00:23+00:00,The value of Bitcoin has recently experienced a correction.,NEGATIVE,0.9931395649909973,https://cryptopanic.com/news/18969971/Countdown-starts-now-BTC-crosses-key-bullish-indicator-for-second-time-in-history
2023-10-14 10:20:46+00:00,"Payments will be made using cryptocurrency, report says.",NEGATIVE,0.9687882661819458,https://cryptopanic.com/news/18968872/Ferrari-to-accept-crypto-for-luxury-car-purchases-Reuters
2023-10-14 10:20:34+00:00,Concerns have been raised over a Chinese Bitcoin mining operation in Wyoming.,NEGATIVE,0.981495201587677,https://cryptopanic.com/news/18968859/National-security-concerns-emerge-over-Chinese-Bitcoin-mine-in-Wyoming
2023-10-14 09:35:00+00:00,Grayscale becomes the first firm to offer an ETF based on Bitcoin.,POSITIVE,0.9930981993675232,https://cryptopanic.com/news/18968797/SECs-Green-Light-Allows-Grayscales-Quest-for-Bitcoin-ETF
2023-10-14 09:18:26+00:00,Luxury carmaker to accept digital currency.,POSITIVE,0.9555369019508362,https://cryptopanic.com/news/18968773/Ferrari-to-officially-accept-crypto-as-payment-for-its-supercars
2023-10-13 21:00:09+00:00,"Data has shown that at its current price, the majority of Cardano holders are losing money.",NEGATIVE,0.9996813535690308,https://cryptopanic.com/news/18968189/Cardano-ADA-Addresses-In-Loss-Rise-Over-94-Is-It-Time-To-Jump-Ship
2023-10-13 20:58:04+00:00,The SEC will not appeal to the court over Grayscale Bitcoin ETF case.,NEGATIVE,0.9993451237678528,https://cryptopanic.com/news/18968202/BREAKING-SEC-Wont-Appeal-Decision-in-Grayscales-Spot-Bitcoin-ETF-Case-Bitcoin-is-on-the-Move
2023-10-13 20:00:46+00:00,"The fund has a 90% chance of approval by January 2024, the analysts say.",POSITIVE,0.9800283908843994,https://cryptopanic.com/news/18968129/Bitcoin-Spot-ETF-90-Shot-at-Approval-in-January-2024-Bloomberg-Analysts
2023-10-13 15:12:06+00:00,The International Monetary Fund (IMF) has issued a critical warning on Bitcoin.,NEGATIVE,0.989969789981842,https://cryptopanic.com/news/18967590/JUST-IN-Critical-Bitcoin-Warning-from-IMF-to-El-Salvador-Will-Bitcoins-Official-Currency-Status-Change
2023-10-12 08:35:53+00:00,"Markets react as tensions rise over Iran, North Korea.",POSITIVE,0.9727478623390198,https://cryptopanic.com/news/18963852/Bitcoin-bull-run-to-reignite-if-BTC-secures-this-price-level
2023-10-11 13:30:23+00:00,Larry Kudlow says he has no interest in the cryptocurrency.,NEGATIVE,0.9997015595436096,https://cryptopanic.com/news/18962018/Jim-Cramer-warns-Mr-Bitcoin-is-about-to-go-down-big
2023-10-10 08:47:24+00:00,At least 40 people have been killed and more than 500 wounded in the attack in Tel Aviv.,NEGATIVE,0.9458856582641602,https://cryptopanic.com/news/18958590/The-war-in-Israel-escalates-How-will-crypto-market-react
2023-10-09 11:31:06+00:00,MicroStrategy has become one of the biggest Bitcoin backers.,NEGATIVE,0.7691917419433594,https://cryptopanic.com/news/18956592/Michael-Saylor-would-be-up-25-billion-if-he-chose-Ethereum-over-Bitcoin
2023-10-09 11:00:33+00:00,"The cryptocurrency has dropped below the $27,000 mark.",NEGATIVE,0.9979541301727295,https://cryptopanic.com/news/18956477/Bitcoins-rocky-start-Price-drops-below-277k-can-BTC-recover
2023-10-09 09:25:01+00:00,"The cryptocurrency’s value has dropped below $20,000 for the first time in two years.",NEGATIVE,0.9989511966705322,https://cryptopanic.com/news/18956268/Here-are-key-catalysts-set-to-fuel-2024-crypto-bull-market
2023-10-08 09:14:23+00:00,OpenAI is behind chat platform ChatGPT,NEGATIVE,0.8622520565986633,https://cryptopanic.com/news/18954937/ChatGPT-CEO-warns-US-government-wants-to-control-Bitcoin
2023-10-07 11:03:34+00:00,Institutional support for digital asset growing,POSITIVE,0.9948492646217346,https://cryptopanic.com/news/18954002/Jefferies-Bitcoin-is-a-critical-hedge-against-inflation-belongs-in-same-bag-as-gold
2023-10-07 09:49:10+00:00,A look at some of the key events in the crypto world in 2017.,POSITIVE,0.9974014759063721,https://cryptopanic.com/news/18953900/Bitcoin-is-2023s-best-performing-asset-among-40-wealth-classes
2023-10-05 14:55:02+00:00,"At current prices, the cryptocurrency is trading near all-time highs.",POSITIVE,0.9874778985977173,https://cryptopanic.com/news/18950188/Bulls-vs-Bears-Crypto-analysts-split-on-Bitcoin-predictions
2023-10-05 12:40:31+00:00,"Says he supports Bitcoin, Ethereum as well as blockchain",POSITIVE,0.9135985374450684,https://cryptopanic.com/news/18949786/Robert-F-Kennedy-vows-to-end-of-White-House-war-on-Bitcoin-if-elected
2023-10-05 08:50:24+00:00,The cryptocurrency has lost about half its value this year.,NEGATIVE,0.9997615218162537,https://cryptopanic.com/news/18949144/Bitcoin-to-make-big-move-in-the-next-5-10-weeks-These-are-the-targets
2023-10-04 16:58:36+00:00,Social media users are being warned about fake accounts.,NEGATIVE,0.9888219833374023,https://cryptopanic.com/news/18947903/X-user-wants-deceptive-Satoshi-and-Bitcoin-accounts-to-lose-checkmarks
2023-10-04 14:03:47+00:00,"Despite recent gains, Bitcoin remains well below $20,000.",NEGATIVE,0.9992707371711731,https://cryptopanic.com/news/18947455/Bitcoin-2023-2027-outlook-Bull-run-possible-shortly-before-halving
2023-10-04 12:27:20+00:00,"Strategist sees Bitcoin hitting $20,000 in 2020",NEGATIVE,0.9956492781639099,https://cryptopanic.com/news/18947110/Commodities-expert-warns-of-lingering-crypto-hangover
2023-10-04 12:25:09+00:00,"Price movements in bitcoin, crypto in context of Oct. 4, 2023.",NEGATIVE,0.9836481213569641,https://cryptopanic.com/news/18947139/First-Mover-Americas-Judge-Dismisses-SECs-Attempt-to-Appeal-Ripple-Ruling
2023-10-04 09:57:30+00:00,Treasury to sell assets to raise cash,NEGATIVE,0.8647435903549194,https://cryptopanic.com/news/18946714/US-debt-climbs-by-over-half-of-Bitcoins-market-cap-in-a-day
2023-10-03 08:18:16+00:00,Markets have been volatile in recent weeks.,NEGATIVE,0.9922553300857544,https://cryptopanic.com/news/18943824/Bitcoin-must-stay-above-this-level-or-its-goodnight-to-the-bull
2023-10-02 15:08:42+00:00,Elon Musk says Bitcoin can be used as a form of currency.,NEGATIVE,0.9676753282546997,https://cryptopanic.com/news/18942374/Elon-Musk-Calls-Fiat-Currency-A-Scam
2023-10-02 13:26:55+00:00,Metal prices have been volatile in recent weeks.,NEGATIVE,0.9914765954017639,https://cryptopanic.com/news/18942081/Crypto-recession-alert-Mike-McGlone-signals-troubles-ahead
2023-10-02 12:20:17+00:00,Most assets in the sector have started off the week on a positive note.,POSITIVE,0.999794065952301,https://cryptopanic.com/news/18941859/Is-Bitcoin-about-to-skyrocket-1100-Expert-analysis
2023-10-02 10:37:18+00:00,"After weeks of consolidation, Bitcoin breaks free of $28,000 level.",NEGATIVE,0.9730194807052612,https://cryptopanic.com/news/18941593/Machine-learning-algorithm-predicts-Bitcoin-price-for-October-31-2023
2023-10-02 09:21:33+00:00,The Largest cryptocurrency has more than doubled this year.,POSITIVE,0.9953165054321289,https://cryptopanic.com/news/18941428/Bitcoin-to-40000-reasonable-in-Q4-says-crypto-expert
2023-10-02 09:09:24+00:00,"‘Rich Dad, Poor Dad’ series has sold millions of copies",NEGATIVE,0.8494809865951538,https://cryptopanic.com/news/18941381/R-Kiyosaki-urges-to-buy-Bitcoin-amid-hyperinflation-warnings
2023-10-01 22:33:04+00:00,"The Bitcoin, Ethereum and other coins recorded sharp gains. Fear and greed index is rising in the crypto world",POSITIVE,0.99906986951828,https://cryptopanic.com/news/18940808/Sudden-Rise-in-Cryptocurrencies-Bitcoin-Hits-28000-Ethereum-Hits-1750
2023-10-01 14:14:22+00:00,Previously undisclosed email sent by Bitcoin creator Satoshi Nakamoto comes to light.,POSITIVE,0.9733276963233948,https://cryptopanic.com/news/18940320/This-is-the-first-known-Satoshi-Nakamotos-email-Whats-inside
2023-10-01 12:28:13+00:00,Largest cryptocurrency has been consolidating in a narrow range.,NEGATIVE,0.970535397529602,https://cryptopanic.com/news/18940188/Accumulation-opportunity-looms-for-BTC-Time-to-ride-the-Bitcoin-train
2023-09-30 13:27:58+00:00,The U.S. dollar is reportedly one of the strongest fiat currencies in a long time.,POSITIVE,0.9990299940109253,https://cryptopanic.com/news/18939167/US-dollar-lost-995-of-its-value-against-Bitcoin-in-the-last-10-years
2023-09-30 12:51:39+00:00,‘Black Swan’ author takes issue with views expressed by financial pundits.,NEGATIVE,0.8965174555778503,https://cryptopanic.com/news/18939108/Black-Swan-author-Kiyosaki-should-stop-bullshitting-about-finance
2023-09-29 17:40:38+00:00,"Demand for Bitcoin could double to $600 billion, report says.",NEGATIVE,0.9944040775299072,https://cryptopanic.com/news/18938009/Bitcoin-ETFs-A-600B-tipping-point-for-crypto
2023-09-29 13:29:12+00:00,ChatGPT is an AI-powered chat platform for humans,NEGATIVE,0.8079883456230164,https://cryptopanic.com/news/18937370/2024-Bitcoin-forecast-by-ChatGPT-Insights-on-the-post-halving-future
2023-09-29 08:21:45+00:00,‘FedNow Service’ aims to make it easier for people to pay for goods and services,NEGATIVE,0.9267657399177551,https://cryptopanic.com/news/18936546/R-Kiyosaki-Bitcoin-will-become-priceless-when-CBDC-enters-market
2023-09-28 22:01:00+00:00,Rekt Capital argues for long-term bullish bets on Bitcoin.,NEGATIVE,0.9976621866226196,https://cryptopanic.com/news/18935879/BTC-to-Crash-20k-Before-Halving-Expect-Parabolic-Rally-After-Analyst
2023-09-27 09:07:08+00:00,"After making a false move up, Bitcoin is showing signs of weakness.",NEGATIVE,0.9995620846748352,https://cryptopanic.com/news/18931230/Can-Bitcoin-recover-this-week-Yes-if-this-happens
2023-09-26 19:44:03+00:00,A group of lawmakers pressed SEC chair on Tuesday to allow listing of spot bitcoin ETF.,NEGATIVE,0.9854282736778259,https://cryptopanic.com/news/18930171/Lawmakers-urge-SEC-Chair-Gensler-to-allow-spot-bitcoin-ETFs-immediately
2023-09-26 13:19:10+00:00,Is it real that the world is coming to an end?,POSITIVE,0.822428286075592,https://cryptopanic.com/news/18929181/Bitcoin-price-prediction-for-Halloween-2023
2023-09-26 09:29:13+00:00,MicroStrategy co-founder Michael Saylor’s ‘Bitcoin Initiative’ caught the world’s attention.,POSITIVE,0.9980308413505554,https://cryptopanic.com/news/18928547/Heres-how-much-MicroStrategy-is-down-on-its-Bitcoin-investment
2023-09-26 08:38:07+00:00,Billionaire investor Peter Thiel says he has no plans to sell his stake in the digital currency.,NEGATIVE,0.9983567595481873,https://cryptopanic.com/news/18928425/R-Kiyosaki-on-Citibank-tokenization-Bye-bye-Bitcoin-and-USD
2023-09-25 17:00:32+00:00,Network development could hint at a reversal for the cryptocurrency.,NEGATIVE,0.9987539052963257,https://cryptopanic.com/news/18927130/Cardano-Sees-Spike-In-Development-Activity-Can-The-Price-Of-ADA-Follow
2023-09-25 14:52:43+00:00,Court battles between Ripple and SEC are expected to continue,POSITIVE,0.5176225304603577,https://cryptopanic.com/news/18926816/ChatGPT-analyzes-XRP-price-as-Ripple-v-SEC-set-post-BTC-halving
2023-09-25 12:01:37+00:00,Most of assets in the cryptocurrency market have recovered from recent lows.,NEGATIVE,0.9912533164024353,https://cryptopanic.com/news/18926310/Why-is-the-crypto-market-down-today
2023-09-25 10:48:31+00:00,Fears are growing that the world's largest economy is heading for a deep recession.,NEGATIVE,0.9555917978286743,https://cryptopanic.com/news/18926101/Stock-market-to-crash-Bankruptcy-filings-soar-to-dangerous-levels
2023-09-25 00:00:45+00:00,Santiment sees more gains for Chainlink and others.,POSITIVE,0.9915227890014648,https://cryptopanic.com/news/18925240/Chainlink-LINK-and-Three-Low-Cap-Altcoins-Could-Witness-More-Rallies-Amid-Strong-Network-Activity-Santiment
2023-09-22 18:19:07+00:00,wallets where Coinbase holds Bitcoins have been discovered.,NEGATIVE,0.9878097772598267,https://cryptopanic.com/news/18922568/Coinbases-Bitcoin-Reserve-Wallet-Discovered-Here-is-How-Much-BTC-It-Holds
2023-09-21 14:00:17+00:00,The city of Busan has been developing its blockchain capabilities for a while.,NEGATIVE,0.5211661458015442,https://cryptopanic.com/news/18919314/Ethereum-And-Cosmos-Compatible-With-A-City-South-Korea-Wants-To-Make-It-Happen
