Date,Summary,Label,Confidence,URL,Logits
2023-11-27 14:07:07+00:00,"So far, the pseudo-anonymity offered by cryptocurrencies has proven both a blessing and a curse. On the one hand, it … Continued",positive,0.3703230023384094,https://cryptopanic.com/news/19066174/Tron-overtakes-BTC-as-Hamas-and-Hezbollahs-blockchain-of-choice,"[-0.033753424882888794, -0.22718513011932373, -0.1658923625946045]"
2023-11-27 12:39:51+00:00,"Facing the turmoil of the largest cryptocurrency exchange, Binance, and recent rocky charts that have seen most crypto assets experience … Continued",negative,0.9653599262237549,https://cryptopanic.com/news/19065888/ChatGPT-picks-5-cryptocurrencies-to-buy-for-December,"[-1.5589900016784668, 2.778566360473633, -1.0017859935760498]"
2023-11-27 10:47:05+00:00,"Although the majority of assets in the cryptocurrency sector got off to a slow start this week, Bitcoin (BTC) could … Continued",negative,0.8669947981834412,https://cryptopanic.com/news/19065610/Bitcoin-slicing-through-this-resistance-could-send-it-over-47k,"[-0.40499231219291687, 1.7170615196228027, -1.6754496097564697]"
2023-11-27 09:45:19+00:00,"Amid his countless warnings of a looming financial crash, Robert Kiyosaki has shared more of his reasoning as to why … Continued",neutral,0.7580741047859192,https://cryptopanic.com/news/19065459/Rich-Dad-R-Kiyosakis-stark-warning-Buy-Bitcoin-before-its-too-late,"[-0.7945307493209839, 0.06133560836315155, 1.5575975179672241]"
2023-11-26 10:51:55+00:00,"As the cryptocurrency market anticipates a potential bull market, investors may consider accumulating Bitcoin (BTC) in preparation for it. A … Continued",negative,0.6847181916236877,https://cryptopanic.com/news/19064026/Is-sub-40k-Bitcoin-a-bargain-Heres-what-the-analyst-says,"[-0.5914542078971863, 0.9862325191497803, -0.3841779828071594]"
2023-11-26 09:49:17+00:00,Former New York Stock Exchange (NYSE) President Tom Farley is the latest figure in the financial world to discuss the … Continued,neutral,0.8879275918006897,https://cryptopanic.com/news/19063967/Former-NYSE-president-reveals-when-money-will-flood-into-crypto,"[-0.48206964135169983, -0.7942091226577759, 2.1368820667266846]"
2023-11-25 14:07:12+00:00,The cryptocurrency market is a realm teeming with opportunities. Although the limelight frequently falls on prominent cryptocurrencies such as Bitcoin … Continued,neutral,0.6516344547271729,https://cryptopanic.com/news/19063152/3-cryptocurrencies-under-5-to-buy-next-week,"[0.6447819471359253, -1.9319589138031006, 1.3442838191986084]"
2023-11-24 22:28:49+00:00,"Bitcoin (BTC) is currently dominated by bullish sentiments, with the leading cryptocurrency aiming to reclaim the $40,000 spot in pursuit … Continued",positive,0.9253371953964233,https://cryptopanic.com/news/19062301/Conservative-Bitcoin-price-prediction-for-late-2025,"[1.8141705989837646, -1.8877888917922974, -1.0680173635482788]"
2023-11-24 15:40:05+00:00,"Numerous cryptocurrencies, such as Bitcoin (BTC) and Ethereum (ETH), have been methodically challenging and surpassing new resistance levels amidst the … Continued",positive,0.5671066641807556,https://cryptopanic.com/news/19061621/3-cryptos-to-buy-under-010-next-week,"[0.5477481484413147, -0.026312902569770813, -1.061173677444458]"
2023-11-24 09:48:49+00:00,As the cryptocurrency industry awaits a massive step toward the mainstream in the form of the United States Securities and … Continued,positive,0.5715806484222412,https://cryptopanic.com/news/19060606/Spot-Bitcoin-ETF-approval-could-unlock-70-billion-capital-influx-data-shows,"[1.3772848844528198, -2.6575522422790527, 1.0650997161865234]"
2023-11-23 12:21:18+00:00,With the overall sentiment in the cryptocurrency sector becoming more optimistic and Bitcoin (BTC) reclaiming the significant price level of … Continued,positive,0.9312966465950012,https://cryptopanic.com/news/19058672/Jim-Cramer-urges-viewers-to-just-buy-Bitcoin,"[1.9060808420181274, -1.9238659143447876, -1.0492578744888306]"
2023-11-23 10:44:03+00:00,As the sentiment in the general cryptocurrency sector has turned more positive and Bitcoin (BTC) returned to the psychologically important … Continued,positive,0.951229989528656,https://cryptopanic.com/news/19058421/Whats-next-for-Bitcoin-as-85-of-BTC-holders-are-in-profit,"[2.042215347290039, -2.0793204307556152, -1.3087399005889893]"
2023-11-23 09:40:50+00:00,Amid heightened anticipation and excitement surrounding the possibility that the United States Securities and Exchange Commission (SEC) could approve the … Continued,positive,0.7895660400390625,https://cryptopanic.com/news/19058201/SEC-Commissioner-No-reason-to-stand-in-the-way-of-spot-Bitcoin-ETF,"[1.4449106454849243, -2.244558095932007, 0.024161895737051964]"
2023-11-23 08:23:54+00:00,"Record 70.35% of Bitcoin supply inactive for over a year, showing strong holder confidence despite market challenges.",positive,0.9512900710105896,https://cryptopanic.com/news/19057955/Bitcoin-investors-Show-Confidence-As-7035-of-Bitcoin-Supply-Stays-Unmoved,"[2.083059549331665, -2.112133502960205, -1.2373998165130615]"
2023-11-22 23:37:34+00:00,"Grayscale submitted an updated filing for its pending spot Bitcoin ETF to the U.S. Securities and Exchange Commission (SEC) on Nov. 22. The filing in question is an amended S-3 prospectus, a type of registration form used by firms that have previously met other reporting requirements. Bloomberg...",neutral,0.9319800734519958,https://cryptopanic.com/news/19057410/Grayscale-files-updated-Bitcoin-ETF-prospectus-days-after-talks-with-US-SEC,"[-0.9143691062927246, -1.0122262239456177, 2.3485569953918457]"
2023-11-22 18:54:05+00:00,"Bloomberg analysts revealed that BlackRock and the SEC met on Monday to discuss the Bitcoin Spot ETF product. Continue Reading: BlackRock and the SEC Recently Met for Bitcoin Spot ETF Approval, It Has Been Revealed",neutral,0.8890572190284729,https://cryptopanic.com/news/19056989/BlackRock-and-the-SEC-Recently-Met-for-Bitcoin-Spot-ETF-Approval-It-Has-Been-Revealed,"[-0.10722757875919342, -1.9903767108917236, 2.1155149936676025]"
2023-11-22 14:10:40+00:00,"As the cryptocurrency market braces for the next bull market, investors find themselves standing at a crossroads, facing the pivotal … Continued",neutral,0.6624279618263245,https://cryptopanic.com/news/19056182/Bitcoin-or-altcoins-What-is-a-better-investment-for-the-next-bull-market,"[-0.6369881629943848, 0.10231460630893707, 1.1667628288269043]"
2023-11-22 12:36:37+00:00,"One of Bitcoin’s (BTC) core value propositions is it being a censorship-resistance form of money, not subject to arbitrary rule-making. … Continued",neutral,0.7483241558074951,https://cryptopanic.com/news/19055899/Third-largest-Bitcoin-mining-pool-likely-censored-OFAC-sanctioned-transactions,"[0.7665936350822449, -2.5431392192840576, 1.8921624422073364]"
2023-11-22 10:51:21+00:00,Although the cryptocurrency market has hit a rough spot following the news of Changpeng Zhao stepping down as Binance CEO … Continued,negative,0.8960205316543579,https://cryptopanic.com/news/19055532/Whats-next-for-Bitcoin-as-it-forms-super-bullish-pattern,"[-1.7027931213378906, 2.4344770908355713, 0.13268615305423737]"
2023-11-22 01:37:18+00:00,The agency met with Grayscale Investments on Monday after a court issued a mandate last month to have the SEC re-review the ETF bid.,neutral,0.615915060043335,https://cryptopanic.com/news/19054593/SEC-recently-met-with-Grayscale-for-spot-bitcoin-ETF-listing-memo-shows,"[-0.1512274295091629, -0.36687928438186646, 0.9121410846710205]"
2023-11-21 20:50:05+00:00,"The big conference, where four important US government officials will make statements regarding cryptocurrency sanctions, has begun. Continue Reading: Conference Followed by the Entire Cryptocurrency World Has Begun: 4 Major US Government Officials Are Announcing Cryptocurrency Enforcements",neutral,0.9080680012702942,https://cryptopanic.com/news/19054156/Conference-Followed-by-the-Entire-Cryptocurrency-World-Has-Begun-4-Major-US-Government-Officials-Are-Announcing-Cryptocurrency-Enforcements,"[-0.9145031571388245, -0.8753259778022766, 2.0886950492858887]"
2023-11-21 15:33:37+00:00,"Phoenix Group, a Bitcoin (BTC) mining and colocation service provider based in Abu Dhabi, has made a significant mark by … Continued",positive,0.937680721282959,https://cryptopanic.com/news/19053350/Abu-Dhabi-based-Bitcoin-miner-Phoenix-Group-raises-370-million-in-IPO,"[2.061414957046509, -2.4469125270843506, -0.8309626579284668]"
2023-11-21 15:30:00+00:00,"Many are excited about the potential for a second Bitcoin President in Latin America, but there are reasons to be more skeptical and cautious before cheer leading.",neutral,0.7681066393852234,https://cryptopanic.com/news/19053310/Mileis-Presidency-Implications-For-Argentina-El-Salvador-And-Bitcoin-Adoption,"[0.07258429378271103, -1.7592124938964844, 1.4187633991241455]"
2023-11-21 15:14:05+00:00,"According to Bloomberg, the US Department of Justice will announce cryptocurrency enforcement actions today. BTC dropped to $36.00. Continue Reading: BREAKING! Cryptocurrency Announcement is Expected from the US Department of Justice! Bitcoin Reacted!",negative,0.8800185918807983,https://cryptopanic.com/news/19053308/BREAKING-Cryptocurrency-Announcement-is-Expected-from-the-US-Department-of-Justice-Bitcoin-Reacted,"[-1.463526725769043, 2.013850212097168, -0.2356552630662918]"
2023-11-21 14:00:00+00:00,"Global banks have begun actively integrating crypto assets into their financial operations, and XRP has been one of their top preferences. This news signifies a shift in the skepticism surrounding cryptocurrencies, revealing how some of the world’s leading banks seek to leverage XRP’s...",positive,0.5254387855529785,https://cryptopanic.com/news/19053048/Global-Banks-Are-Betting-Big-On-XRP-Report-Shows,"[0.7795213460922241, -2.054625988006592, 0.6103953719139099]"
2023-11-20 19:05:54+00:00,"The market for a spot Bitcoin (BTC) exchange-traded fund (ETF) could quickly turn into a “$100 billion juggernaut,” according to new estimates from Bloomberg Intelligence. Investment giant Galaxy Digital reportedly held a call earlier this month with roughly 300 investment professionals...",neutral,0.7808284759521484,https://cryptopanic.com/news/19051010/100000000000-in-TradFi-Money-Waiting-for-Bitcoin-ETF-Approval-Says-Bloomberg-Intelligence-Analysts,"[0.44777363538742065, -2.057401657104492, 1.7967724800109863]"
2023-11-20 15:39:10+00:00,"Cathie Wood's ARK Invest has submitted an updated filing for its spot bitcoin exchange-traded fund (ETF), ignoring recent guidance from the Securities and Exchange Commission (SEC) to switch ETF proposals to cash creations rather than in-kind creations.ETFs can create or redeem shares to manage...",neutral,0.9119412302970886,https://cryptopanic.com/news/19050524/ARK-Ignores-SEC-Advice-Refiles-In-Kind-Bitcoin-Spot-ETF,"[-0.5140392184257507, -1.3685412406921387, 2.1780505180358887]"
2023-11-20 15:39:00+00:00,"Cryptocurrency funds have marked notable week of inflows, with Ethereum, Solana and other altcoins seeing substantial investment alongside Bitcoin",positive,0.9475065469741821,https://cryptopanic.com/news/19050530/XRP-BTC-ETH-ADA-SOL-Funds-Attract-More-Inflows-Report,"[1.977720856666565, -1.9424408674240112, -1.3587044477462769]"
2023-11-20 13:56:13+00:00,The impending approval of Bitcoin (BTC) exchange-traded funds (ETF) generates significant excitement in a potential breakthrough for cryptocurrency on Wall … Continued,positive,0.901706874370575,https://cryptopanic.com/news/19050173/Wall-Street-sees-100-billion-crypto-potential-amid-Bitcoin-ETF-hype,"[1.8870079517364502, -2.482144832611084, -0.45280197262763977]"
2023-11-20 12:00:06+00:00,"After Bitcoin (BTC) friendly president-elect Javier Milei won the ballot in Argentina, Tesla (NASDAQ: TSLA) CEO Elon Musk praised his … Continued",positive,0.8599990606307983,https://cryptopanic.com/news/19049839/Elon-Musk-predicts-prosperity-for-Argentina-with-new-pro-Bitcoin-president,"[1.8147088289260864, -2.104848861694336, -0.1306072622537613]"
2023-11-20 09:29:48+00:00,"Amid his continuous warnings about the imminent financial collapse, particularly in the United States, the author of the best-selling personal … Continued",neutral,0.6141567826271057,https://cryptopanic.com/news/19049498/Rich-Dad-R-Kiyosaki-Hyperinflation-led-to-Hitlers-rise-Bitcoin-is-best-defense,"[-0.22577379643917084, -0.07535434514284134, 1.010227918624878]"
2023-11-20 04:28:28+00:00,Cardano (ADA) is moving higher from the $0.350 support. ADA could rally if there is a clear move above the $0.388 and $0.395 resistance levels. ADA price is moving higher above the $0.375 pivot level. The price is trading above $0.380 and the 100 simple moving average (4 hours). There is a key...,neutral,0.6160842180252075,https://cryptopanic.com/news/19049104/ADA-Price-Cardano-Breaking-This-Confluence-Resistance-Could-Restart-Rally,"[0.6728852391242981, -2.2423181533813477, 1.198621153831482]"
2023-11-19 23:40:06+00:00,"Bitcoin supporter presidential candidate Javier Milei, who was left behind in the first round in Argentina, managed to win the elections in the second round. Continue Reading: JUST IN: Pro-Bitcoin Candidate Javier Milei Wins Election in Argentina, BTC Breaks $37,000",neutral,0.7132458090782166,https://cryptopanic.com/news/19048931/JUST-IN-Pro-Bitcoin-Candidate-Javier-Milei-Wins-Election-in-Argentina-BTC-Breaks-37000,"[-0.13290004432201385, -0.9392989277839661, 1.1474220752716064]"
2023-11-19 13:04:10+00:00,"As Bitcoin (BTC) maintains its position above the $30,000 mark, a prevalent question lingers among the crypto community and the … Continued",negative,0.7348313331604004,https://cryptopanic.com/news/19048379/Should-you-buy-Bitcoin-while-it-is-above-30000,"[-1.2054195404052734, 1.552835464477539, 0.3403405249118805]"
2023-11-19 10:48:10+00:00,"The current cryptocurrency market is witnessing a substantial surge, capturing the attention of investors. While cryptocurrencies like Bitcoin and Ethereum … Continued",positive,0.9310742020606995,https://cryptopanic.com/news/19048255/3-cryptocurrencies-to-buy-under-10-next-week,"[1.8928872346878052, -2.2270405292510986, -0.9581815004348755]"
2023-11-18 11:20:40+00:00,"Reading serves as a source of entertainment for me, and I spend numerous hours indulging in it. However, certain books … Continued",neutral,0.9183471202850342,https://cryptopanic.com/news/19047131/3-lessons-I-have-learned-from-the-Bitcoin-Standard,"[-0.6263805031776428, -1.2026022672653198, 2.239696502685547]"
2023-11-18 09:22:41+00:00,"Bitcoin (BTC) has recently struggled to surpass the $38,000 mark but maintains a comfortable position above the $35,000 support zone … Continued",positive,0.9196136593818665,https://cryptopanic.com/news/19046969/Bitcoin-set-for-parabolic-rally-in-a-matter-of-weeks-as-halving-phase-begins,"[1.7556625604629517, -0.9971216917037964, -1.9881765842437744]"
2023-11-18 07:24:47+00:00,Numerous experts anticipate that the approval of Spot Bitcoin ETFs and the occurrence of Bitcoin halving will trigger a bullish … Continued,positive,0.7886430025100708,https://cryptopanic.com/news/19046832/How-to-effectively-trade-the-upcoming-Solana-rally,"[1.1428515911102295, -0.4645763039588928, -1.5513194799423218]"
2023-11-17 23:00:59+00:00,"Cardano may not be a top gainer in the crypto market but that does not mean that it has fallen behind. During the altcoin rally, the price of Cardano’s native coin ADA has gone from a low of $0.25 to a high of almost $0.4 before correcting back downwards. This positive trend has been preserved...",positive,0.6750583052635193,https://cryptopanic.com/news/19046484/Cardano-Falling-Wedge-Pattern-Analyst-Predicts-100-Increase-Following-Breakout,"[0.6042637228965759, -1.052565574645996, -0.6315068006515503]"
2023-11-17 17:47:21+00:00,"The Securities and Exchange Commission (SEC) has reportedly advised companies seeking to launch Bitcoin exchange-traded funds (ETFs) to amend their filings to switch to cash creations rather than in-kind creations, according to Bloomberg ETF analyst Eric Balchunas...",neutral,0.8872327208518982,https://cryptopanic.com/news/19045928/SEC-Advises-Bitcoin-ETF-Firms-on-Cash-Creations-to-Address-Broker-Concerns,"[-0.5047928690910339, -1.2274774312973022, 1.9537042379379272]"
2023-11-17 17:13:05+00:00,"BTC price experienced a sudden increase after the Bloomberg analyst stated that he heard about the Bitcoin Spot ETF. Continue Reading: BREAKING Bloomberg Analyst Says He Heard Insider Rumors About Bitcoin Spot ETF, Bitcoin Price Soars",positive,0.9226166009902954,https://cryptopanic.com/news/19045874/BREAKING-Bloomberg-Analyst-Says-He-Heard-Insider-Rumors-About-Bitcoin-Spot-ETF-Bitcoin-Price-Soars,"[1.722955584526062, -1.2430094480514526, -1.7077784538269043]"
2023-11-17 14:38:43+00:00,Although Bitcoin (BTC) has started to slow down its gains from the past weeks that have seen it not just … Continued,negative,0.9600017070770264,https://cryptopanic.com/news/19045396/Bitcoin-parabolic-bull-run-soon-as-BTC-hits-crucial-resistance-zone,"[-1.3252875804901123, 2.6349050998687744, -1.1546630859375]"
2023-11-17 11:22:11+00:00,"Several cryptocurrencies, including Bitcoin (BTC) and Ethereum (ETH), have been systematically testing and pushing against new resistance levels amid the … Continued",positive,0.7127140164375305,https://cryptopanic.com/news/19044918/3-cryptocurrencies-under-1-to-buy-next-week,"[1.1971461772918701, -1.443740725517273, 0.09389141201972961]"
2023-11-17 09:56:58+00:00,"Numerous cryptocurrencies, such as Bitcoin (BTC) and Ethereum (ETH), have been methodically exploring and challenging new resistance levels during the … Continued",positive,0.6807743906974792,https://cryptopanic.com/news/19044658/Dogecoin-on-chain-transactions-spike-Will-DOGE-hit-01,"[1.063949465751648, -1.4071897268295288, 0.10794807970523834]"
2023-11-16 21:18:11+00:00,"""If you look at Ethereum it was faster and cheaper than Bitcoin in the day. Solana is faster and more cost-effective than Ethereum,"" Wood pointed out.",positive,0.8441488742828369,https://cryptopanic.com/news/19043758/Why-Cathie-Wood-Is-Bullish-on-Solana,"[1.8131924867630005, -2.6459038257598877, 0.05903084576129913]"
2023-11-16 12:30:00+00:00,"One year ago today, El Salvador announced an ambitious plan to begin adding 1 Bitcoin per day to its national treasury.",positive,0.7010449171066284,https://cryptopanic.com/news/19042398/Bitcoin-Price-Up-120-Since-El-Salvador-Became-First-Nation-to-Buy-1-BTC-A-Day,"[1.505932092666626, -2.6779093742370605, 0.6172621846199036]"
2023-11-16 11:27:27+00:00,"Although many critics of the cryptocurrency sphere and Bitcoin (BTC), in particular, base their objections on their alleged negative impact … Continued",negative,0.7630928754806519,https://cryptopanic.com/news/19042226/Bitcoin-uses-more-sustainable-energy-than-any-other-industry-data-shows,"[-1.3646079301834106, 1.6971615552902222, 0.36403530836105347]"
2023-11-15 13:15:29+00:00,While many cryptocurrencies like Bitcoin (BTC) and Ethereum (ETH) have been carefully testing new resistance levels throughout the current market … Continued,positive,0.7182186245918274,https://cryptopanic.com/news/19039769/Solana-adds-4-billion-in-24-hours-Is-70-next-for-SOL,"[1.340829610824585, -2.1130752563476562, 0.32115352153778076]"
2023-11-15 10:25:03+00:00,"Due to the soaring interest in artificial intelligence (AI) sparked by the launch of ChatGPT, similar platforms have demonstrated their … Continued",positive,0.9210333824157715,https://cryptopanic.com/news/19039284/Google-Bard-predicts-Bitcoin-price-for-start-of-2024,"[2.047532558441162, -2.4959447383880615, -0.5413931608200073]"
2023-11-14 19:09:07+00:00,"Chinese company Boyaa Interactive announced that it plans to invest $100 million, primarily in Bitcoin (BTC) and Ethereum (ETH). Continue Reading: Chinese Company Announces It Will Invest $100 Million in Bitcoin and Ethereum!",neutral,0.6297678351402283,https://cryptopanic.com/news/19038018/Chinese-Company-Announces-It-Will-Invest-100-Million-in-Bitcoin-and-Ethereum,"[0.8412174582481384, -2.50773024559021, 1.4069569110870361]"
2023-11-14 18:14:06+00:00,"Coinbase analysts said that if spot Bitcoin (BTC) ETFs are approved, new investor classes will come to the cryptocurrency market. Continue Reading: New Bitcoin Statement from Coinbase!",neutral,0.8602360486984253,https://cryptopanic.com/news/19037925/New-Bitcoin-Statement-from-Coinbase,"[0.22784514725208282, -2.403902053833008, 2.1145784854888916]"
2023-11-14 14:31:47+00:00,"According to the CEO of global investment management firm ARK Invest, Cathie Wood, the Bitcoin (BTC) and cryptocurrency sector could … Continued",negative,0.8338466882705688,https://cryptopanic.com/news/19037326/67-billion-Ark-says-Bitcoin-and-crypto-to-be-worth-25-trillion-by-2030,"[-1.1493501663208008, 1.8017927408218384, -0.11565792560577393]"
2023-11-14 13:35:34+00:00,"Crypto analyst Fiery Trading has an exceptionally bullish forecast for the price of Cardano (CRYPTO: ADA), suggesting a 9,990% surge to $35. read more",positive,0.9387762546539307,https://cryptopanic.com/news/19037159/ADA-To-The-Moon-Analyst-Foresees-A-Whopping-10000-Surge-For-Cardano-Reaching-35-Levels,"[1.8512853384017944, -1.5755654573440552, -1.5682536363601685]"
2023-11-13 19:10:06+00:00,"Amidst this anticipation, recent reports from esteemed data analytics platforms have set the crypto community abuzz, predicting a staggering $1 trillion market cap for crypto majors like Bitcoin, XRP, Ether, Solana, Cardano, and Shiba Inu if spot ETFs receive the green light.",positive,0.4963992238044739,https://cryptopanic.com/news/19035412/XRP-Ether-Solana-Cardano-Shiba-Inu-Brace-For-1-Trillion-Bull-Shock-As-Spot-Bitcoin-ETF-Comes-Nigh,"[0.5527161955833435, 0.4725256562232971, -1.837967872619629]"
2023-11-13 11:40:32+00:00,"For months, the crypto markets, spearheaded by Bitcoin (BTC), languished in a constrained and subdued trading range, lacking significant catalysts. … Continued",negative,0.9183249473571777,https://cryptopanic.com/news/19034267/Crypto-eyeing-historic-move-as-tons-of-new-liquidity-return-to-market,"[-1.8279696702957153, 2.5714454650878906, 0.0030013162177056074]"
2023-11-13 10:43:41+00:00,"While Bitcoin (BTC) and Ethereum (ETH) are guaranteed to take the spotlight in any crypto market rally, Solana (SOL) has … Continued",positive,0.9060449600219727,https://cryptopanic.com/news/19034107/Coinbase-to-launch-Solana-perpetual-futures-Will-the-SOL-rally-continue,"[1.8470523357391357, -2.217559337615967, -0.6002312898635864]"
2023-11-13 09:44:26+00:00,"In his latest jab at traditional financial institutions, renowned investor and author of the best-selling finance book ‘Rich Dad Poor … Continued",neutral,0.6585532426834106,https://cryptopanic.com/news/19033973/Rich-Dad-R-Kiyosaki-Protect-yourself-from-Central-Bankers-by-saving-Bitcoin,"[-0.09140850603580475, -0.1755480021238327, 1.217407464981079]"
2023-11-13 07:10:29+00:00,"Nate Geraci, President of the ETF Store and host of the ETF Prime podcast, has brought to light a critical juncture in the potential approval of spot Bitcoin Exchange-Traded Funds (ETFs) by the US Securities and Exchange Commission (SEC). Citing Bloomberg analyst James Seyffart, Geraci’s post on...",neutral,0.5254794359207153,https://cryptopanic.com/news/19033704/Spot-Bitcoin-ETF-Approval-Could-Come-This-Week-Expert,"[1.1728485822677612, -2.7339911460876465, 1.2947591543197632]"
2023-11-12 18:05:00+00:00,Grayscale's Solana Trust sees explosive growth as institutional investors seek exposure to Solana.,positive,0.9222538471221924,https://cryptopanic.com/news/19033148/Could-a-Solana-ETF-Be-Next-as-GSOL-Reaches-All-Time-High,"[1.7239121198654175, -1.7135499715805054, -1.2296442985534668]"
2023-11-12 16:56:08+00:00,"The Solana ecosystem is experiencing a robust uptrend, overcoming the challenges of the bear market. The substantial appreciation of the price of SOL and a distinct shift in market sentiment marks a noteworthy resurgence. Data from BeInCrypto shows that Solana’s SOL briefly touched the $60 mark...",positive,0.955413818359375,https://cryptopanic.com/news/19033118/Solana-Eclipses-60-A-Detailed-Look-at-the-Factors-Driving-SOL-Price-Rally,"[2.072099447250366, -1.7652337551116943, -1.6121565103530884]"
2023-11-12 14:15:12+00:00,Bitcoin (BTC) continues to trade in the green zone as the maiden cryptocurrency endeavors to surge toward a new all-time … Continued,positive,0.9350541234016418,https://cryptopanic.com/news/19032920/Over-60000-Bitcoin-millionaires-emerge-in-2023-3x-more-since-January,"[1.9949344396591187, -2.1230814456939697, -0.9391396641731262]"
2023-11-12 09:18:34+00:00,"Aside from SOL, the other notable gainers today include AVAX, RUNE, LINK, DOT, and more.",neutral,0.8528599739074707,https://cryptopanic.com/news/19032640/Solana-SOL-Explodes-45-Weekly-Bitcoin-BTC-Maintains-37K-Weekend-Watch,"[0.3071276545524597, -2.3707077503204346, 2.1307921409606934]"
2023-11-12 08:52:40+00:00,"The current cryptocurrency market is witnessing a substantial surge, capturing the attention of investors. While cryptocurrencies like Bitcoin and Ethereum … Continued",positive,0.9310742020606995,https://cryptopanic.com/news/19032624/Top-3-cryptocurrencies-under-010-to-buy-next-week,"[1.8928872346878052, -2.2270405292510986, -0.9581815004348755]"
2023-11-12 07:00:59+00:00,"Saylor forecasts a 10x Bitcoin boom by 2024, with big tech and banks struggling for a piece.",negative,0.5012079477310181,https://cryptopanic.com/news/19032545/Bitcoin-Demand-Will-Boom-in-2024-Micheal-Saylor-Predicts,"[-0.5761292576789856, 0.4817684590816498, 0.04789623245596886]"
2023-11-11 16:29:34+00:00,"A short bull run marked the last 30 days in the cryptocurrency market, with Bitcoin (BTC) leading the way for … Continued",positive,0.5402381420135498,https://cryptopanic.com/news/19032010/365-billion-inflows-crypto-market-cap-in-a-month-but-whats-next,"[0.6869977712631226, -0.6015906929969788, 0.1342664510011673]"
2023-11-11 12:24:06+00:00,"Bitcoin (BTC) has surged above $37,000, reaching its highest price in 18 months, driven by growing optimism that regulators may … Continued",positive,0.9434053897857666,https://cryptopanic.com/news/19031697/Biggest-bull-run-ever-looms-for-Bitcoin-as-this-indicator-reappears-after-8-years,"[1.9490281343460083, -1.632155179977417, -1.4884095191955566]"
2023-11-10 09:30:58+00:00,"Amid warnings of an unfolding widespread financial crisis, Robert Kiyosaki, a renowned investor and author of the best-selling personal finance … Continued",neutral,0.4620308578014374,https://cryptopanic.com/news/19029202/Rich-Dad-R-Kiyosaki-Save-gold-silver-Bitcoin-as-leaders-want-war,"[-0.34125879406929016, 0.23205560445785522, 0.5269113183021545]"
2023-11-09 15:48:51+00:00,"Bitcoin surges past $37K, a first since the Terra fallout, with ETF approval hopes rising.",positive,0.9433394074440002,https://cryptopanic.com/news/19027489/Bitcoin-Surges-Past-37000-Find-Out-Why,"[1.9530856609344482, -1.6922987699508667, -1.429706335067749]"
2023-11-09 15:38:14+00:00,"BlackRock has taken the initial step toward filing for a spot Ether ETF, with the iShares Ethereum Trust recently registered in Delaware. This move is reminiscent of BlackRock’s iShares Bitcoin Trust, which was registered in a similar fashion seven days before the ETF application was filed with...",neutral,0.5683257579803467,https://cryptopanic.com/news/19027434/ETH-crosses-2k-as-BlackRocks-Ethereum-Trust-ETF-filing-surfaces,"[0.9728084802627563, -2.534867763519287, 1.2773581743240356]"
2023-11-09 15:23:32+00:00,"A previous period of gains in the cryptocurrency world saw Bitcoin (BTC) rise in value, which hasn’t gone unnoticed by … Continued",positive,0.9505947232246399,https://cryptopanic.com/news/19027407/Robinhood-to-launch-Bitcoin-and-crypto-trading-in-the-EU-and-UK,"[2.024773359298706, -1.9241933822631836, -1.3956563472747803]"
2023-11-09 15:07:04+00:00,"In a significant development, the iShares Ethereum Trust has been registered in Delaware. This move sparked speculation about BlackRock's potential plans to file for an Ethereum spot ETF. This speculation is actually based on an example. BlackRock had similarly registered an iShares Bitcoin...",neutral,0.9102823734283447,https://cryptopanic.com/news/19027346/BREAKING-BlackRock-Allegedly-Plans-to-Apply-for-Ethereum-Spot-ETF,"[-0.38410258293151855, -1.6269320249557495, 2.1865155696868896]"
2023-11-09 11:19:18+00:00,"SEC's decision on Bitcoin ETF looms, but launch may face delays even with approval.",neutral,0.4764041304588318,https://cryptopanic.com/news/19026698/US-SEC-May-Delay-Bitcoin-ETF-Launch-Even-After-Approval,"[-1.3569072484970093, 0.9198302030563354, 0.9230643510818481]"
2023-11-09 09:43:05+00:00,"In a period that has been positive for most cryptocurrencies, Bitcoin (BTC) performed as well. This flagship crypto hit its … Continued",positive,0.9480960965156555,https://cryptopanic.com/news/19026430/Bitcoin-hits-new-yearly-high-Whats-next-for-BTC-price,"[2.0630130767822266, -1.9545981884002686, -1.240617036819458]"
2023-11-09 09:34:03+00:00,The Bitcoin (BTC) price broke out from its pattern while the crypto market cap (TOTALCAP) moved down. A horizontal resistance area rejected BLUR. Today in crypto: Digital Prime Technologies announced the launch of a new crypto lending platform called Tokenet. The Deputy Treasury Secretary of the...,neutral,0.5727147459983826,https://cryptopanic.com/news/19026405/Why-is-crypto-market-up-today,"[-0.5338001847267151, -0.07038933038711548, 0.7105953097343445]"
2023-11-09 07:58:21+00:00,"Bitcoin surges past $36K, hitting a 6-month high amid U.S. ETF buzz and strong trading.",positive,0.9372873306274414,https://cryptopanic.com/news/19026198/Bitcoin-Price-Reaches-37000-Amid-Bitcoin-ETF-Excitements,"[1.8941599130630493, -1.6929214000701904, -1.3441604375839233]"
2023-11-08 22:14:12+00:00,Analysts theorize that the regulatory agency could authorize spot trading between Nov. 8 and Nov. 17.,neutral,0.9199002385139465,https://cryptopanic.com/news/19025489/12-Bitcoin-ETFs-Have-Brief-Window-for-SEC-Approval-Starting-Tomorrow,"[-0.7529449462890625, -1.0574041604995728, 2.240507125854492]"
2023-11-08 21:35:33+00:00,The SEC has reportedly opened talks with Grayscale over the firm's application to convert its flagship fund into a spot bitcoin ETF,positive,0.5504752993583679,https://cryptopanic.com/news/19025411/The-SEC-has-opened-talks-with-Grayscale-over-its-bid-for-a-spot-bitcoin-ETF-conversion-report,"[1.192128300666809, -2.440894603729248, 0.9566286206245422]"
2023-11-08 20:51:28+00:00,"The U.S. Securities and Exchange Commission (SEC) has opened talks with Grayscale Investments on the details of the company's application to convert its trust product GBTC to a bitcoin spot exchange traded product (ETF), according to a person familiar with the back-and-forth, which could have...",neutral,0.6941366791725159,https://cryptopanic.com/news/19025313/US-SEC-Said-to-Open-Talks-with-Grayscale-on-Spot-Bitcoin-ETF-Push,"[0.7148387432098389, -2.317882537841797, 1.5814288854599]"
2023-11-08 03:41:36+00:00,"Former President Donald Trump’s cryptocurrency wallet holdings have seen a substantial surge of over $15,000 in the past 24 hours, all thanks to the recent rally in Bitcoin’s (CRYPTO: BTC) price, read more",positive,0.7284153699874878,https://cryptopanic.com/news/19023047/Donald-Trumps-Wealth-Surges-To-3B-Value-Of-Crypto-Holdings-Rises-Thanks-To-Bitcoins-35K-Rally,"[1.5650805234909058, -2.5146303176879883, 0.5320613980293274]"
2023-11-07 20:47:27+00:00,tktk,neutral,0.9182091355323792,https://cryptopanic.com/news/19022549/Bitcoin-Squeezes-to-355K-as-Mini-Altcoin-Season-Lifts-Crypto-Market-Cap-to-13-Trillion,"[-0.8968729972839355, -0.611735463142395, 2.367231607437134]"
2023-11-07 14:37:30+00:00,ADA has surpassed BTC and ETH in terms of development activity in the past month.,positive,0.9375110864639282,https://cryptopanic.com/news/19021700/Cardano-Tops-This-Notable-List-While-ADA-Soars-17-Weekly-Details,"[2.1094136238098145, -2.451838493347168, -0.769332766532898]"
2023-11-07 14:01:42+00:00,"Despite the current slowdown, Bitcoin (BTC) has recently crossed the $35,000 level for the second time in a week and … Continued",positive,0.9425411820411682,https://cryptopanic.com/news/19021627/Massive-victory-for-Bitcoin-bulls-if-this-critical-level-holds,"[1.9343591928482056, -1.3817332983016968, -1.767920732498169]"
2023-11-07 11:10:35+00:00,"Late in October, Bitcoin (BTC) finally ended its lengthy period of stagnation and decisively broke above $30,000 even managing to … Continued",positive,0.9405734539031982,https://cryptopanic.com/news/19021163/3-things-to-look-out-for-Bitcoin-in-November,"[1.9352281093597412, -1.5548993349075317, -1.4856353998184204]"
2023-11-07 07:59:32+00:00,Coinbase asks users to sell off or move out their Bitcoin SV before Jan 9 due to Craig Wright's unproven claims and security uncertainty,negative,0.851790189743042,https://cryptopanic.com/news/19020704/Coinbase-Warn-Users-To-Sell-Off-Bitcoin-SV-Before-January-9,"[-1.9592952728271484, 2.312776803970337, 0.48047730326652527]"
2023-11-06 11:16:35+00:00,"Despite regulatory clarity, Hong Kong has failed to pick up the pace regarding futures-based cryptocurrency ETFs so far.",neutral,0.3853127360343933,https://cryptopanic.com/news/19018568/China-does-not-want-to-miss-out-Community-reacts-to-HK-spot-Bitcoin-ETF-news,"[-0.04632500559091568, -0.14960864186286926, 0.1294548511505127]"
2023-11-06 10:32:44+00:00,Bitcoin (BTC) has experienced an impressive surge in its price in recent weeks. Its substantial rise can be attributed to … Continued,positive,0.9531280994415283,https://cryptopanic.com/news/19018470/Bitcoin-price-prediction-as-700k-new-addresses-join-the-network-in-a-day,"[2.0439951419830322, -1.9590998888015747, -1.4324257373809814]"
2023-11-05 18:52:57+00:00,"As Bitcoin continues to thrive, reaching new yearly heights and gaining mainstream adoption, Arthur Hayes, the former CEO of BitMEX, voiced a concern that could potentially throttle Bitcoin’s defining essence. Hayes’ discourse sheds light on a scenario where the institutional custody of Bitcoin...",negative,0.6702216267585754,https://cryptopanic.com/news/19017562/This-Is-the-One-and-Only-Thing-that-Could-Kill-Bitcoin,"[-1.1497708559036255, 1.4575965404510498, 0.5860770344734192]"
2023-11-05 13:59:56+00:00,A recent study conducted by the United Nations has raised concerns about the possible impact of Bitcoin (BTC) on the … Continued,negative,0.7775579690933228,https://cryptopanic.com/news/19017234/United-Nations-warns-Bitcoin-has-concerning-impacts-on-climate-water-and-land,"[-0.9242591857910156, 1.5238722562789917, -0.08745338022708893]"
2023-11-05 13:59:04+00:00,"Ethereum has suddenly gained on bitcoin with its ratio rising from 0.052 to near 0.054 while its dollar price touched $1,900. We look at why.",positive,0.9280266165733337,https://cryptopanic.com/news/19017236/Ethereum-Touches-1900,"[1.8277329206466675, -2.113698959350586, -1.0172556638717651]"
2023-11-05 13:44:05+00:00,"Berkshire Hathaway's vice chairman, Charlie Munger, talked about Bitcoin again in his latest statement. Continue Reading: Charlie Munger Says He’s Concerned About the Recent Surge in Bitcoin Price",neutral,0.47074827551841736,https://cryptopanic.com/news/19017223/Charlie-Munger-Says-Hes-Concerned-About-the-Recent-Surge-in-Bitcoin-Price,"[-0.8674017190933228, 0.389451265335083, 0.5227174162864685]"
2023-11-05 12:51:24+00:00,"The cryptocurrency market is again heating up, led by Bitcoin (BTC), after the flagship digital asset reclaimed the $35,000 mark. … Continued",positive,0.8876112699508667,https://cryptopanic.com/news/19017151/4-altcoins-to-buy-amid-heating-up-markets,"[1.6228476762771606, -1.524540662765503, -0.8582053780555725]"
2023-11-04 19:39:04+00:00,"Bitcoin nears $35k after Wall Street closes, holds steady above the $34k floor for growth.",positive,0.9019544720649719,https://cryptopanic.com/news/19016560/Bitcoin-Holds-its-Ground-on-34000-Boosting-Traders-Confidence,"[1.692841649055481, -1.6857044696807861, -0.9026879072189331]"
2023-11-04 14:13:28+00:00,"Currently, Bitcoin (BTC) is aiming to reclaim the $35,000 mark, a significant resistance level for the maiden cryptocurrency. Analysts argue … Continued",positive,0.8104498982429504,https://cryptopanic.com/news/19016183/These-two-Black-Swan-events-have-set-Bitcoin-for-a-parabolic-shift,"[1.1511156558990479, -0.6312962174415588, -1.572292685508728]"
2023-11-04 11:27:54+00:00,"As the holiday season approaches, the cryptocurrency community is abuzz with excitement about the annual phenomenon known as the “Santa … Continued",neutral,0.8703939318656921,https://cryptopanic.com/news/19015970/Can-we-expect-Santa-rally-for-Bitcoin-this-Christmas,"[-0.08551303297281265, -1.5601202249526978, 2.0250275135040283]"
2023-11-04 09:32:20+00:00,"The U.S. may get its first Bitcoin ETF soon, with Valkyrie and Bitwise leading the race and expecting billions in investments.",positive,0.7916099429130554,https://cryptopanic.com/news/19015838/Bitcoin-ETF-Could-be-Approved-by-Novembers-End-Valkyrie-CIO-Predicts,"[1.755260705947876, -2.836489200592041, 0.38134294748306274]"
2023-11-04 09:11:22+00:00,"The potential approval of a spot Bitcoin (BTC) exchange-traded funds (ETFs) is expected to boost the price of Bitcoin, but … Continued",positive,0.951609194278717,https://cryptopanic.com/news/19015813/Why-spot-Bitcoin-ETFs-approval-does-not-guarantee-a-bull-market,"[2.032027006149292, -1.5968425273895264, -1.685025930404663]"
2023-11-03 20:00:57+00:00,"Cardano (ADA) has returned to the radar of crypto investors after an interesting run brought its price up above $0.3. This price level has been elusive for a while but eventually, the bulls have gotten a hold of it. As the market faces an impending downturn, Cardano’s run-up could be threatened....",positive,0.42110779881477356,https://cryptopanic.com/news/19015272/Will-Cardano-Replicate-Solanas-Surge-Analyst-Reveals-Similarities-For-80-Rise,"[0.05105163902044296, -0.08428952097892761, -0.6395565271377563]"
2023-11-03 17:06:50+00:00,"While Bitcoin (BTC) experienced a significant rally in the second half of October, it has so far failed to stay … Continued",positive,0.8673248291015625,https://cryptopanic.com/news/19014940/ChatGPT-predicts-Bitcoin-price-for-start-of-2024,"[1.5523686408996582, -0.5183206796646118, -2.064312696456909]"
2023-11-03 12:31:07+00:00,US Non-Farm Employment and Unemployment Data have been announced. Here is the first reaction of Bitcoin (BTC) and DXY (dollar index)... Continue Reading: BREAKING! US Non-Farm Employment and Unemployment Data Announced! Here is Bitcoin's First Reaction!,neutral,0.876639187335968,https://cryptopanic.com/news/19014255/BREAKING-US-Non-Farm-Employment-and-Unemployment-Data-Announced-Here-is-Bitcoins-First-Reaction,"[-1.088697910308838, -0.529490053653717, 1.8836256265640259]"
2023-11-03 10:42:41+00:00,"Amid his numerous warnings of an imminent financial crash, Robert Kiyosaki has shared his most important lesson – the rich … Continued",neutral,0.6589805483818054,https://cryptopanic.com/news/19013984/Rich-Dad-R-Kiyosaki-The-rich-save-real-assets-like-gold-silver-Bitcoin,"[0.5687992572784424, -1.5929694175720215, 1.3365169763565063]"
2023-11-02 20:31:15+00:00,"After posting impressive gains in the second half of October, Bitcoin and other cryptocurrencies seem to have...",positive,0.9534018039703369,https://cryptopanic.com/news/19012910/Very-Bullish-Metric-Shows-Bitcoin-XRP-Ether-Solana-Cardano-Shiba-Inu-Set-for-Explosive-Prices,"[2.031857967376709, -1.8525149822235107, -1.5325064659118652]"
2023-11-02 14:45:50+00:00,"After remaining largely consolidated for the better part of 2023, the cryptocurrency market is experiencing a renewed rally inspired by … Continued",positive,0.9354280233383179,https://cryptopanic.com/news/19012028/40-billion-enters-crypto-markets-in-November-as-Bitcoin-decides-its-next-move,"[1.9025403261184692, -2.0516040325164795, -1.0961112976074219]"
2023-11-02 14:30:01+00:00,"Amidst ongoing speculation about the potential approval of the first-ever spot Bitcoin (BTC) exchange-traded fund (ETF) by US regulators, the … Continued",positive,0.6738856434822083,https://cryptopanic.com/news/19011972/Ethereum-bears-gain-new-weapon-with-first-ETH-short-ETF,"[0.85130375623703, -0.7804577350616455, -0.39228835701942444]"
2023-11-02 14:02:14+00:00,"With its notable rise in value over the last month, Bitcoin (BTC) is posting solid numbers, which spells profit for … Continued",positive,0.9539974927902222,https://cryptopanic.com/news/19011917/Heres-how-much-MicroStrategy-is-up-on-its-Bitcoin-holdings,"[2.0886037349700928, -1.6022909879684448, -1.6719413995742798]"
2023-11-02 12:31:44+00:00,"With Bitcoin (BTC) undergoing a short-term rally that has propelled the asset to surpass the $35,000 mark, attention has shifted … Continued",positive,0.5350908637046814,https://cryptopanic.com/news/19011632/Bitcoin-set-for-largest-historical-move-after-rare-breakout-indicator-is-realized,"[0.4233397841453552, -0.15802806615829468, -0.7487845420837402]"
2023-11-02 11:58:29+00:00,"Bitcoin (BTC) has recently embarked on an impressive rally, captivating the attention of both seasoned investors and newcomers to the … Continued",positive,0.9398859739303589,https://cryptopanic.com/news/19011496/Bitcoin-hits-yearly-high-37000-next-target-says-crypto-analyst,"[1.958170771598816, -2.1705386638641357, -1.0814026594161987]"
2023-11-02 10:25:36+00:00,"Amid his countless warnings that fiat money, particularly the United States dollar (USD), would become worthless soon, Robert Kiyosaki, the … Continued",negative,0.8231220245361328,https://cryptopanic.com/news/19011258/Rich-Dad-R-Kiyosaki-People-are-addicted-to-cash-saving-paper-makes-no-sense,"[-1.296157717704773, 1.9332857131958008, 0.1920703649520874]"
2023-11-01 21:39:00+00:00,"Bitcoin's (BTC) bullish momentum has spread to the broader crypto market this week, with all major cryptocurrencies booking impressive gains.",positive,0.9512028098106384,https://cryptopanic.com/news/19010328/Crypto-Whales-Acquire-30000-BTC-In-Under-a-Week-as-Bitcoin-Soars,"[2.0101394653320312, -1.8472371101379395, -1.490529179573059]"
2023-11-01 10:18:37+00:00,"Following its recent growth trend, Bitcoin (BTC) has surpassed the threshold of $34,000 and has overachieved its price forecast for … Continued",positive,0.957522451877594,https://cryptopanic.com/news/19008542/Machine-learning-algorithm-sets-Bitcoin-price-for-November-30-2023,"[2.1217689514160156, -1.7898458242416382, -1.5932989120483398]"
2023-11-01 01:04:25+00:00,The Invesco Galaxy Bitcoin ETF now appears on the clearing house’s site but doesn’t indicate an impending approval.,neutral,0.9498308897018433,https://cryptopanic.com/news/19007803/Invesco-Galaxy-spot-Bitcoin-ETF-joins-BlackRock-on-DTCC-site,"[-0.7472805976867676, -1.5234607458114624, 2.5721492767333984]"
2023-10-31 23:10:05+00:00,"Following BlackRock's application, another Bitcoin Spot ETF application seems to have been added to the DTCC list. Continue Reading: JUST IN: Another Bitcoin Spot ETF Application Added to DTCC List After BlackRock’s – What Does It Mean?",neutral,0.9144915342330933,https://cryptopanic.com/news/19007697/JUST-IN-Another-Bitcoin-Spot-ETF-Application-Added-to-DTCC-List-After-BlackRocks-What-Does-It-Mean,"[-0.9132851958274841, -0.8774408102035522, 2.1676971912384033]"
2023-10-31 18:39:45+00:00,"Big trading firms may provide liquidity for BlackRock's spot bitcoin ETF if it obtains regulatory approval, according to CoinDesk.",positive,0.8153831362724304,https://cryptopanic.com/news/19007246/Big-market-makers-are-in-talks-with-BlackRock-to-provide-liquidity-for-its-proposed-spot-bitcoin-ETF-CoinDesk,"[1.747003197669983, -2.867637872695923, 0.2168920785188675]"
2023-10-31 15:33:42+00:00,Amid widespread anticipation of a spot Bitcoin (BTC) exchange-traded fund (ETF) approval that has culminated with fake reports that this … Continued,negative,0.9256082773208618,https://cryptopanic.com/news/19006808/Bitcoin-ETF-in-early-January-looks-like-a-done-deal-Heres-why,"[-0.8013380765914917, 2.165163993835449, -1.3791781663894653]"
2023-10-31 13:20:19+00:00,"As Bitcoin (BTC) takes a little break from its previous gains, the relationship between the largest cryptocurrency by market capitalization … Continued",positive,0.9464125633239746,https://cryptopanic.com/news/19006340/Bitcoin-weekly-correlation-with-Nasdaq-hits-2-year-low,"[1.979944109916687, -1.9206477403640747, -1.3334684371948242]"
2023-10-31 11:33:57+00:00,"While the stock market has taken a downward turn in recent weeks, shedding an immense portion of its gains under … Continued",negative,0.9630706310272217,https://cryptopanic.com/news/19006028/Entrepreneur-D-Weisberger-Bitcoin-macroeconomics-is-overwhelmingly-positive,"[-1.4789284467697144, 2.7265260219573975, -1.0271493196487427]"
2023-10-30 17:15:05+00:00,Pro-cryptocurrency billionaire Mike Novogratz said in his statement that Bitcoin spot ETFs will be approved before 2024. Continue Reading: Billionaire Mike Novogratz Continues His Ambitious Bitcoin Spot ETF Predictions: “It Will Be Approved Before The End Of This Year”,neutral,0.7521332502365112,https://cryptopanic.com/news/19004213/Billionaire-Mike-Novogratz-Continues-His-Ambitious-Bitcoin-Spot-ETF-Predictions-It-Will-Be-Approved-Before-The-End-Of-This-Year,"[0.6212800741195679, -2.444277048110962, 1.776875615119934]"
2023-10-30 12:35:26+00:00,"A fresh wave of investor optimism has breathed new life into the crypto markets over the past week, driving Bitcoin … Continued",positive,0.9019041657447815,https://cryptopanic.com/news/19003421/Can-DOGE-reach-01-as-it-breaks-out-of-multi-year-bearish-pattern,"[1.725719690322876, -1.8764328956604004, -0.7814294695854187]"
2023-10-30 12:28:07+00:00,Cryptocurrency exchange Binance announced to its users that this altcoin supports the mainnet transition. Continue Reading: Bitcoin Exchange Binance Announced That It Supports the Mainnet of This Altcoin!,neutral,0.7958636283874512,https://cryptopanic.com/news/19003405/Bitcoin-Exchange-Binance-Announced-That-It-Supports-the-Mainnet-of-This-Altcoin,"[0.4079819321632385, -2.4494800567626953, 1.8244479894638062]"
2023-10-30 09:43:11+00:00,"After languishing below the $30,000 mark for nearly three months, Bitcoin (BTC) has finally broken free, surging past $34,000 in … Continued",positive,0.9119065999984741,https://cryptopanic.com/news/19003008/Bitcoin-to-hit-50000-pre-halving-says-crypto-expert,"[1.692824125289917, -1.429843544960022, -1.2528988122940063]"
2023-10-30 07:04:59+00:00,"A trader who continues to build a following with his timely Bitcoin (BTC) calls as of late thinks that the crypto king is gearing up for a parabolic surge. Pseudonymous analyst Credible Crypto tells his 349,100 followers on the social media platform X that BTC appears to have printed a local...",neutral,0.7815285921096802,https://cryptopanic.com/news/19002706/Bitcoin-BTC-Just-About-Ready-for-Parabolic-Leg-Up-According-to-Crypto-Strategist-Here-Are-His-Targets,"[-0.6811970472335815, -0.3682134747505188, 1.4552335739135742]"
2023-10-29 18:52:31+00:00,"El Salvador is being hailed as a potential financial hub in the Americas, drawing comparisons to Singapore, according to Gabor Gurbacs, a strategy adviser at VanEck, an investment management firm. Gurbacs expressed this sentiment in a recent post on X (formerly Twitter), suggesting that El...",positive,0.8742658495903015,https://cryptopanic.com/news/19002193/El-Salvador-tipped-to-become-a-financial-powerhouse-in-the-Americas,"[1.8584983348846436, -2.438969135284424, -0.18007853627204895]"
2023-10-29 13:02:45+00:00,"In a time of global economic uncertainty, managing investment portfolios has become a critical topic among investors seeking ways to … Continued",neutral,0.879393458366394,https://cryptopanic.com/news/19001837/Rich-Dad-R-Kiyosaki-shares-mix-to-survive-the-greatest-crash-in-world-history,"[-0.03892110288143158, -1.666926383972168, 2.127028703689575]"
2023-10-29 03:26:59+00:00,VanEck strategy adviser Gabor Gurbacs expects a wave of new investment capital and immigration will push El Salvador’s economic growth in the coming years.,positive,0.9397398233413696,https://cryptopanic.com/news/19001437/Bitcoin-friendly-El-Salvador-can-become-Singapore-of-the-Americas-VanEck-adviser,"[1.990970253944397, -2.20530104637146, -1.023482322692871]"
2023-10-28 16:00:51+00:00,"A Bitcoin adopter has outlined the various achievements of XRP, foreseeing a significant price increase for the cryptocurrency that could move it closer to the $10 milestone. Bitcoin OG Says XRP $10 In Sight In an X (formerly Twitter) post, Bitcoin OG, Lucky predicted that the value of XRP could...",positive,0.9266077876091003,https://cryptopanic.com/news/19001025/Early-Bitcoin-Adopter-Says-XRP-Price-Is-Closer-To-10-Than-You-Think-Heres-Why,"[2.0165159702301025, -2.4755184650421143, -0.6716212034225464]"
2023-10-28 11:13:36+00:00,"The recent Bitcoin (BTC) resurgence is driving increased interest in the possibility of the crypto hitting a new all-time high, … Continued",positive,0.9430937767028809,https://cryptopanic.com/news/19000677/This-is-when-Bitcoin-might-hit-the-highly-anticipated-100k-mark,"[1.9769014120101929, -1.9394429922103882, -1.2313768863677979]"
2023-10-28 09:22:05+00:00,The cryptocurrency market remains a focal point of attention due to speculation about the potential approval of a spot Bitcoin … Continued,neutral,0.5364317297935486,https://cryptopanic.com/news/19000526/Former-SEC-insider-says-spot-Bitcoin-ETF-is-a-matter-of-months,"[0.39427661895751953, -1.234999656677246, 0.7193045616149902]"
2023-10-28 08:32:59+00:00,The cryptocurrency market is a realm teeming with opportunities. Although the limelight frequently falls on prominent cryptocurrencies such as Bitcoin … Continued,neutral,0.6516344547271729,https://cryptopanic.com/news/19000458/3-cryptocurrencies-to-buy-under-1-next-week,"[0.6447819471359253, -1.9319589138031006, 1.3442838191986084]"
2023-10-27 00:59:00+00:00,Google searches relating to purchasing Bitcoin have spiked worldwide following a significant rally in the price of BTC.,positive,0.9363215565681458,https://cryptopanic.com/news/18997593/Buy-Bitcoin-search-queries-on-Google-surge-826-in-the-UK,"[1.899239182472229, -1.3261181116104126, -1.66680109500885]"
2023-10-26 16:30:20+00:00,"Mexican Senator Indira Kempis made waves last year when she introduced legislation to create a central bank digital currency (CBDC). Now, she’s shifting her focus to make Bitcoin a central part of her political agenda. Kempis, a congresswoman from the state of Nuevo León in Mexico, initially had...",neutral,0.7539997696876526,https://cryptopanic.com/news/18996725/Mexican-Senator-pushes-bill-to-make-Bitcoin-a-legal-tender,"[0.41099369525909424, -2.1518702507019043, 1.6053104400634766]"
2023-10-26 13:03:37+00:00,"As the artificial intelligence (AI) hype, triggered by the launch of the OpenAI brainchild ChatGPT, still remains strong, the technology … Continued",positive,0.7656853795051575,https://cryptopanic.com/news/18996171/ChatGPT-picks-5-cryptocurrencies-to-buy-for-Halloween,"[1.5637239217758179, -2.156749725341797, 0.2971552908420563]"
2023-10-26 12:57:00+00:00,"The cryptocurrency analyst and investor CryptoKaleo shared on X earlier today that the Avalanche (AVAX) and Bitcoin (BTC) trading pair could start making a move upwards soon. According to the post, the pair is starting to bounce off of a bottom on the 4-hour chart. The AVAX/BTC pair rebounded...",positive,0.9103106260299683,https://cryptopanic.com/news/18996155/Avalanche-AVAX-Is-Primed-To-Catch-Up-to-BTC-Predicts-Analyst,"[1.6233491897583008, -1.3200371265411377, -1.4592702388763428]"
2023-10-26 12:24:59+00:00,"Bitcoin (BTC), the largest cryptocurrency globally, has once again captured the interest of the financial world due to its recent … Continued",positive,0.9344240427017212,https://cryptopanic.com/news/18996013/Bitcoin-flips-Teslas-market-capitalization-amid-strong-BTC-price-rally,"[2.0395545959472656, -2.3556015491485596, -0.8105030655860901]"
2023-10-25 18:01:06+00:00,"It was revealed that SEC officials had an important meeting with Hashdex, the company that applied for Bitcoin Spot ETF. Continue Reading: SEC Met with One of the Applicants Regarding the Bitcoin Spot ETF: Here are the Details of the Meeting",neutral,0.9480722546577454,https://cryptopanic.com/news/18994210/SEC-Met-with-One-of-the-Applicants-Regarding-the-Bitcoin-Spot-ETF-Here-are-the-Details-of-the-Meeting,"[-0.9699751138687134, -1.1053825616836548, 2.562335968017578]"
2023-10-25 16:30:44+00:00,"Shiba Inu surged by 6% in the past 24 hours, riding the wave of Bitcoin's rise to $35,000, fueled by market excitement over the possible...",positive,0.9483708143234253,https://cryptopanic.com/news/18994014/0001-SHIB-Price-In-View-As-Shiba-Inu-Sees-Explosive-Volume-Amid-Bitcoins-Charge-To-35000,"[1.9804844856262207, -1.751502275466919, -1.5097191333770752]"
2023-10-25 09:40:19+00:00,"Cardano has taken center stage on an exciting day in the cryptocurrency market, marked by Bitcoin’s brief flirtation with the $35,000 level. The eighth-largest digital asset by market capitalization, ADA, is once again sparking optimism among investors as it edges closer to the coveted $1 price...",positive,0.9256402254104614,https://cryptopanic.com/news/18992708/Cardano-Path-To-1-How-Staking-Updates-Could-Ignite-A-Rally,"[1.9177727699279785, -2.349217653274536, -0.795650839805603]"
2023-10-24 22:10:06+00:00,"After BlackRock's Bitcoin Spot ETF was listed on the DTCC list with the code IBTC yesterday, it was thought that it was only a matter of time before the BTC Spot ETF would receive approval from the SEC. However, this listing was removed today evening. BTC, which experienced a decline after the...",negative,0.8880017399787903,https://cryptopanic.com/news/18991775/JUST-IN-Blackrock-Spot-Bitcoin-ETF-Relisted-on-DTCC-Bitcoin-is-Moving,"[-1.2697839736938477, 1.88491952419281, -0.5983151793479919]"
2023-10-24 17:30:00+00:00,Cardano poised to ride institutional adoption wave,positive,0.7699384093284607,https://cryptopanic.com/news/18991268/ADA-BTC-to-Gain-Institutional-Exposure-as-Grayscale-Unveils-Crypto-Indices,"[1.807396411895752, -2.8683888912200928, 0.5677517652511597]"
2023-10-24 16:07:02+00:00,"BlackRock's highly anticipated spot bitcoin ETF, the iShares Bitcoin Trust, no longer appeared on a list maintained by the DTCC.",neutral,0.7949560880661011,https://cryptopanic.com/news/18991025/BlackRocks-bitcoin-ETF-disappears-from-DTCC-list-in-latest-update,"[-1.7197527885437012, 0.5996769070625305, 2.048530101776123]"
2023-10-24 14:01:48+00:00,"Amid an enthusiastic day on the cryptocurrency market that began with Bitcoin (BTC) briefly tapping the $35,000 level, Cardano (ADA) … Continued",positive,0.9131167531013489,https://cryptopanic.com/news/18990658/Could-Cardano-reach-1-ADA-climbs-10,"[1.8483200073242188, -2.010019063949585, -0.754733145236969]"
2023-10-24 09:49:56+00:00,"Following a massive upside push that the cryptocurrency market has recently made under the leadership of Bitcoin (BTC), artificial intelligence … Continued",positive,0.6880172491073608,https://cryptopanic.com/news/18989939/AI-predicts-Bitcoin-price-for-Halloween-2023,"[1.3714163303375244, -2.0108070373535156, 0.5026770830154419]"
2023-10-24 08:29:19+00:00,"As Bitcoin (BTC) remained above the critical psychological level at $30,000 and then moved further up, breaking its yearly high … Continued",positive,0.9115844368934631,https://cryptopanic.com/news/18989753/Bitcoin-party-has-not-even-started-as-BTC-eyes-40k,"[1.7096796035766602, -1.1335595846176147, -1.5408337116241455]"
2023-10-23 22:14:25+00:00,"Bitcoin price just set a higher high above the current 2023 high and 52-week high. What’s next after this as Bitcoin bulls continue to march upward? Bitcoin Price Sets New 52-Week High Bitcoin price is now trading above $31,800, which was the most recent 2023 high set back in July. Not only did...",positive,0.7504128217697144,https://cryptopanic.com/news/18989072/BREAKING-Bitcoin-Price-Sets-New-2023-Record-52-Week-High,"[1.2416149377822876, -2.060054302215576, 0.023469800129532814]"
2023-10-23 21:54:40+00:00,BlackRock's proposed spot bitcoin ETF turned up on list maintained by the DTCC with the ticker IBTC. It's still pending review by the SEC.,neutral,0.8390687108039856,https://cryptopanic.com/news/18989054/BlackRocks-spot-bitcoin-ETF-appears-on-DTCC-website-with-ticker-IBTC,"[-1.5247682332992554, 0.27473780512809753, 2.0791006088256836]"
2023-10-23 20:01:05+00:00,"BlackRock's latest move indicates that a Bitcoin spot ETF could be imminent, according to a Bloomberg analyst. Continue Reading: Bitcoin Spot ETF One Step Closer: BlackRock Makes New Move, Could Be Just Around the Corner",positive,0.6096662878990173,https://cryptopanic.com/news/18988818/Bitcoin-Spot-ETF-One-Step-Closer-BlackRock-Makes-New-Move-Could-Be-Just-Around-the-Corner,"[1.0241775512695312, -2.2262516021728516, 0.5158222913742065]"
2023-10-23 18:53:04+00:00,"According to breaking information, in the Grayscale case, the court allowed the company to proceed with its Bitcoin Spot ETF application and send the application back to the SEC. The court provided instructions to the SEC on how to proceed with Grayscale's Bitcoin Spot ETF application. GBTC...",neutral,0.934744656085968,https://cryptopanic.com/news/18988705/BREAKING-Grayscale-Gets-Court-Approval-to-Proceed-with-Bitcoin-Spot-ETF-Application,"[-0.49604904651641846, -1.7173880338668823, 2.4243004322052]"
2023-10-23 14:28:51+00:00,"On October 23, 2023, Bitcoin (BTC) made another headlining move. With its value currently pegged at $30,582, Bitcoin has experienced … Continued",positive,0.9097468852996826,https://cryptopanic.com/news/18988057/Bitcoin-rockets-toward-72-week-high,"[1.8188223838806152, -2.1144111156463623, -0.7115857601165771]"
2023-10-23 10:53:30+00:00,"As the bullish wave on the wider crypto market continues, partially triggered by the court victory of blockchain company Ripple … Continued",negative,0.5080642700195312,https://cryptopanic.com/news/18987475/How-much-will-1-Bitcoin-be-worth-in-2030,"[0.1718127727508545, 0.4135228097438812, -1.2849042415618896]"
2023-10-23 09:44:31+00:00,"As the week has opened with bullish sentiment on the general cryptocurrency market, its representative asset, Bitcoin (BTC), has finally … Continued",positive,0.9271408319473267,https://cryptopanic.com/news/18987292/Rich-Dad-R-Kiyosaki-Next-stop-for-Bitcoin-135000,"[1.8280284404754639, -1.4746477603912354, -1.3468258380889893]"
2023-10-23 09:26:53+00:00,"Bitcoin (BTC) surged to a three-month high during the first trading session in Asia on October 23, igniting hopes of … Continued",positive,0.9286993741989136,https://cryptopanic.com/news/18987237/Bitcoin-chart-hints-at-major-sell-signal-warns-analyst,"[1.8180080652236938, -1.7444777488708496, -1.210113286972046]"
2023-10-23 05:39:30+00:00,"No verified real-world attacks have been linked to “replacement cycling attacks"" on Lightning network in the past 10 months.",neutral,0.6327772736549377,https://cryptopanic.com/news/18986814/Developer-exposed-potential-security-issue-on-the-Lightning-Network,"[-1.4701874256134033, 0.9442382454872131, 1.5740324258804321]"
2023-10-22 23:15:00+00:00,"With the SEC losing its grip, market participants are growing excited about a potential spot ETF approval.",positive,0.9114206433296204,https://cryptopanic.com/news/18986570/Coinbase-Chief-Legal-Officer-Expects-Bitcoin-ETF-Approvals-Soon,"[1.6014068126678467, -1.495213508605957, -1.3553634881973267]"
2023-10-22 19:03:58+00:00,"The Bitcoin use in Silk Road opened up the crypto industry to regulatory fights that tie digital assets with illegal activities such as funding wars, terrorism, and drug trade. The crypto market is full of risks, and among them are cybercrimes and fraud cases. Since their inception, the digital...",neutral,0.8109133243560791,https://cryptopanic.com/news/18986422/Police-finally-apprehend-50000-Bitcoin-Silk-Road-thief,"[-1.1093496084213257, 0.035014163702726364, 1.7674084901809692]"
2023-10-22 11:50:16+00:00,"The cryptocurrency market, with Bitcoin (BTC) at the forefront, has attracted significant attention from both investors and analysts after a … Continued",positive,0.9426988959312439,https://cryptopanic.com/news/18985986/Can-BTC-reach-45k-by-the-end-of-2023,"[2.0079758167266846, -2.1381614208221436, -1.0940356254577637]"
2023-10-22 10:33:41+00:00,"Lawrence White, a prominent professor of economics at George Mason University, has highlighted a potential future security threat that faces … Continued",neutral,0.5082196593284607,https://cryptopanic.com/news/18985919/Economics-professor-identifies-future-security-threat-to-Bitcoin,"[-0.5047237277030945, 0.4239453673362732, 0.7897781729698181]"
2023-10-21 19:16:05+00:00,"Tom Emmer, who is known to be pro-cryptocurrency in his previous statements, has officially become a candidate for president of the House of Representatives. Continue Reading: Bitcoin and Cryptocurrency Proponent Tom Emmer Officially Announces Candidacy for Speaker of the House of Representatives",neutral,0.8779444098472595,https://cryptopanic.com/news/18985428/Bitcoin-and-Cryptocurrency-Proponent-Tom-Emmer-Officially-Announces-Candidacy-for-Speaker-of-the-House-of-Representatives,"[-0.38817572593688965, -1.4310182332992554, 1.8868502378463745]"
2023-10-21 16:05:00+00:00,"BTC's recent price surges and ETF speculations have taken center stage, promising potential riches.",positive,0.9222007393836975,https://cryptopanic.com/news/18985198/Bitcoin-Close-to-30K-Breach-as-Cracks-Appear-in-Resistance,"[1.8688026666641235, -2.31600022315979, -0.8028560280799866]"
2023-10-21 13:44:47+00:00,"Bitcoin (BTC) has regained market attention again, aiming to surpass the $30,000 level amid the ongoing short-term rally. In this … Continued",positive,0.9574621915817261,https://cryptopanic.com/news/18985031/This-is-Bitcoins-next-price-target-as-correction-is-ruled-out,"[2.1073923110961914, -1.9620388746261597, -1.4919921159744263]"
2023-10-21 10:26:57+00:00,The cryptocurrency market presents a vast array of opportunities. While the spotlight often shines on major cryptocurrencies such as Bitcoin … Continued,positive,0.5914903879165649,https://cryptopanic.com/news/18984775/3-cryptocurrencies-under-1-to-consider-buying-next-week,"[1.322064757347107, -2.517155647277832, 0.9202940464019775]"
2023-10-19 10:10:53+00:00,Although Bitcoin (BTC) has started to consolidate its price following the bullish rally triggered by the false reports on spot … Continued,positive,0.8980486989021301,https://cryptopanic.com/news/18979832/Bitcoin-could-reach-200K-in-2024-if-this-scenario-plays-out,"[1.74965238571167, -0.6380003690719604, -2.081698179244995]"
2023-10-19 08:40:03+00:00,After a rapid increase in price triggered by the erroneous news that the United States Securities and Exchange Commission (SEC) … Continued,positive,0.8039228916168213,https://cryptopanic.com/news/18979574/Is-it-too-late-to-buy-Bitcoin-Heres-what-the-experts-say,"[1.2780914306640625, -0.3868841826915741, -1.6277059316635132]"
2023-10-18 20:08:05+00:00,"Tesla, Elon Musk's company that holds a large amount of Bitcoin, published its third quarter earnings report. Continue Reading: BREAKING: Tesla Released Its Third Quarter Earnings – Did It Sell Bitcoin?",neutral,0.9168233275413513,https://cryptopanic.com/news/18978627/BREAKING-Tesla-Released-Its-Third-Quarter-Earnings-Did-It-Sell-Bitcoin,"[-0.9738463163375854, -0.6660782694816589, 2.284926176071167]"
2023-10-18 16:08:59+00:00,"Bitcoin hit a two-month high earlier today following amendments to a spot ETF application by Fidelity, but some forecasts still see the alpha cryptocurrency dropping considerably in the coming months before the next halving.",negative,0.964568018913269,https://cryptopanic.com/news/18978070/Bitcoin-At-Risk-Of-50-Drop-Before-Next-Halving-If-Historical-Trend-Repeats-Warns-Influential-Crypto-Guru,"[-1.1220262050628662, 2.6949825286865234, -1.5222123861312866]"
2023-10-18 12:25:42+00:00,Despite the largest part of the cryptocurrency market retracing the gains triggered by the spot Bitcoin (BTC) exchange-traded fund (ETF) … Continued,positive,0.9364983439445496,https://cryptopanic.com/news/18977405/SHIB-price-prediction-as-burn-rate-explodes-420,"[1.8608402013778687, -1.757543683052063, -1.3337923288345337]"
2023-10-18 08:44:57+00:00,"Despite Bitcoin (BTC) returning to the price from before the spot exchange-traded fund (ETF) news debacle, some signs suggest that … Continued",positive,0.9141871929168701,https://cryptopanic.com/news/18976810/This-BTC-indicator-turns-green-Bitcoin-to-the-moon,"[1.7225960493087769, -1.1034656763076782, -1.640665888786316]"
2023-10-17 09:45:15+00:00,"In a surprising turn of events on Monday, October 16, Bitcoin (BTC) experienced a swift ascent, peaking at a significant 10% … Continued",positive,0.9498051404953003,https://cryptopanic.com/news/18974204/Price-prediction-using-machine-learning-for-Bitcoin-on-November-1-2023,"[2.003784418106079, -1.827676773071289, -1.4645287990570068]"
2023-10-17 08:53:09+00:00,Following a massive price increase upon what was later revealed to be fake news on the approval of a spot … Continued,negative,0.6323152184486389,https://cryptopanic.com/news/18973999/Heres-potential-Bitcoin-price-range-if-spot-ETF-gets-approved,"[-0.07082293182611465, 0.8562535643577576, -0.8269335627555847]"
2023-10-17 01:39:12+00:00,"Larry Fink, CEO of BlackRock, the world's largest asset manager, said in an interview that the crypto rally represents a ""flight to quality"" driven by real economic factors, not false speculation.This rally is way beyond rumor. The rally today is about a flight to quality with all these issues...",neutral,0.8195322751998901,https://cryptopanic.com/news/18973387/BlackRock-CEO-Calls-Crypto-Rally-Flight-to-Quality-Not-Rumors,"[-0.2847364842891693, -1.136088252067566, 1.5839060544967651]"
2023-10-16 20:52:40+00:00,"In a jaw-dropping turn of events, Bitcoin soared back above the $28,000 mark on Monday as investors price in the SEC’s potential approval of several pending spot Bitcoin ETF applications.",positive,0.9314784407615662,https://cryptopanic.com/news/18973074/Anthony-Scaramucci-Says-Bitcoin-To-Easily-Hit-15-Trillion-Market-Cap-As-BTC-Touches-28000,"[1.8455666303634644, -1.2874823808670044, -1.6617447137832642]"
2023-10-16 20:00:05+00:00,"On a bustling Monday, the cryptocurrency-focused news platform Cointelegraph broadcasted that the U.S. Securities and Exchange Commission (SEC) had given the green light to Blackrock’s Ishares spot bitcoin exchange-traded fund (ETF). The unverified news spread like wildfire, and in its wake, the...",neutral,0.6757176518440247,https://cryptopanic.com/news/18972975/Bullish-Remarks-from-BlackRock-CEO-Larry-Fink-on-Fake-Bitcoin-ETF-News-An-Example-of-Pent-Up-Interest-in-Crypto,"[0.32552987337112427, -1.7187438011169434, 1.1814427375793457]"
2023-10-16 15:10:06+00:00,"After the Bitcoin Spot ETF news spread a few hours ago turned out to be fake, an extraordinary claim came from a platform. Continue Reading: Fake “Bitcoin Spot ETF Approved” Source Allegedly Opened a Long Position Before the News",neutral,0.649744987487793,https://cryptopanic.com/news/18972233/Fake-Bitcoin-Spot-ETF-Approved-Source-Allegedly-Opened-a-Long-Position-Before-the-News,"[-1.067243218421936, 0.5151494145393372, 1.3199481964111328]"
2023-10-16 14:07:56+00:00,"A post from crypto news outlet Cointelegraph spread rumors about approving a spot Bitcoin ETF (Exchange Traded Fund) in the US. Several top asset managers filed with the Securities and Exchange Commission (SEC), but the regulator was yet to decide. Related Reading: Grayscale Reveals Next Steps...",neutral,0.8578631281852722,https://cryptopanic.com/news/18972024/BREAKING-BlackRock-Confirms-Bitcoin-ETF-Approval-Fake-News,"[-0.09475237876176834, -1.7451366186141968, 1.8785144090652466]"
2023-10-16 14:00:22+00:00,BlackRock said Monday that its application for a spot bitcoin ETF was still under review by the Securities and Exchange Commission.,neutral,0.7248611450195312,https://cryptopanic.com/news/18972004/BlackRock-says-application-for-spot-bitcoin-ETF-is-still-under-review-by-SEC-despite-rumors-on-social-media,"[-1.510226845741272, 0.606403648853302, 1.6888264417648315]"
2023-10-16 13:32:04+00:00,"According to Cointelegraph's report, the SEC approved the long-awaited spot Bitcoin ETF, and BTC started to rise. Continue Reading: BREAKING: SEC Allegedly Approved Spot Bitcoin ETF, Denies News",positive,0.4988497197628021,https://cryptopanic.com/news/18971942/BREAKING-SEC-Allegedly-Approved-Spot-Bitcoin-ETF-Denies-News,"[0.35556262731552124, -0.32083767652511597, -0.3452783524990082]"
2023-10-16 11:45:17+00:00,"The chief executive of ARK Invest says that the Chair of the U.S. Securities and Exchange Commission (SEC) is getting in the way of a spot market Bitcoin (BTC) exchange-traded fund (ETF). In a new interview with crypto influencer Natalie Brunell, ARK Invest CEO Cathie Wood says that factions of...",neutral,0.5946004986763,https://cryptopanic.com/news/18971586/SEC-Chair-Gary-Gensler-Standing-in-the-Way-of-Bitcoin-ETFs-Says-ARK-Invests-Cathie-Wood,"[-1.2452090978622437, 0.6132676601409912, 1.1411720514297485]"
2023-10-16 10:44:14+00:00,"Following the launch of the artificial intelligence (AI) platform ChatGPT by OpenAI, which triggered a renewed wave of interest in … Continued",positive,0.703054666519165,https://cryptopanic.com/news/18971447/ChatGPT-picks-top-5-cryptocurrencies-to-buy-in-2024,"[1.5503888130187988, -2.6520237922668457, 0.6524412035942078]"
2023-10-15 21:59:39+00:00,"Uncover the veiled narrative of the mainstream media and march towards a future where privacy isn't a luxury, but a basic right. With Edward Snowden leading the charge, we dissect the role of Bitcoin in steering us away from NSA and WEF surveillance and control. We unfold the potential of a...",neutral,0.833168089389801,https://cryptopanic.com/news/18970570/EDWARD-SNOWDEN-BITCOIN-IS-A-WORLD-STARTING-IDEA-Bitcoin-Amsterdam-2023,"[0.28676846623420715, -2.1231260299682617, 1.9810339212417603]"
2023-10-15 11:00:23+00:00,"The value of Bitcoin (BTC) has recently experienced a correction, but the maiden cryptocurrency continues to trade in the familiar … Continued",positive,0.7675958871841431,https://cryptopanic.com/news/18969971/Countdown-starts-now-BTC-crosses-key-bullish-indicator-for-second-time-in-history,"[1.2404849529266357, -0.0769912526011467, -2.1131083965301514]"
2023-10-14 10:20:46+00:00,"Ferrari will accept cryptocurrency as a payment method for its luxury cars in the U.S., according to a Reuters report.",neutral,0.5851863026618958,https://cryptopanic.com/news/18968872/Ferrari-to-accept-crypto-for-luxury-car-purchases-Reuters,"[1.1634190082550049, -2.739522695541382, 1.5275012254714966]"
2023-10-14 10:20:34+00:00,"National security concerns have been raised over a Chinese Bitcoin (BTC) mining operation in Cheyenne, Wyoming, and stakeholders believe it … Continued",negative,0.9258507490158081,https://cryptopanic.com/news/18968859/National-security-concerns-emerge-over-Chinese-Bitcoin-mine-in-Wyoming,"[-0.9771397709846497, 2.139324426651001, -1.1912058591842651]"
2023-10-14 09:35:00+00:00,"In a pivotal development for the cryptocurrency market, the SEC's decision on Grayscale's Bitcoin ETF transforms the industry landscape.",positive,0.5439910888671875,https://cryptopanic.com/news/18968797/SECs-Green-Light-Allows-Grayscales-Quest-for-Bitcoin-ETF,"[1.133912444114685, -2.2989304065704346, 0.9182043075561523]"
2023-10-14 09:18:26+00:00,"In a groundbreaking move, luxury sports car manufacturer Ferrari has announced its decision to accept cryptocurrency as a form of … Continued",neutral,0.5633015632629395,https://cryptopanic.com/news/18968773/Ferrari-to-officially-accept-crypto-as-payment-for-its-supercars,"[1.1989233493804932, -2.587477922439575, 1.475919246673584]"
2023-10-13 21:00:09+00:00,"Cardano is down 45.6% from its yearly high of $0.4518 and is showing no signs of slowing down at the moment. Data has shown that at its current price, the majority of Cardano holders are losing money, further showing the state of the cryptocurrency’s price.  Cardano (ADA) addresses in loss is...",negative,0.9726303219795227,https://cryptopanic.com/news/18968189/Cardano-ADA-Addresses-In-Loss-Rise-Over-94-Is-It-Time-To-Jump-Ship,"[-1.7645442485809326, 2.945026397705078, -1.0114119052886963]"
2023-10-13 20:58:04+00:00,"According to Reuters, the SEC will not appeal to the court regarding Grayscale's spot Bitcoin ETF case. What Happened? As it is known, Grayscale applied to the SEC to convert its Bitcoin Trust into a spot Bitcoin ETF, but the SEC rejected this request. Grayscale objected to this decision of the...",neutral,0.657831609249115,https://cryptopanic.com/news/18968202/BREAKING-SEC-Wont-Appeal-Decision-in-Grayscales-Spot-Bitcoin-ETF-Case-Bitcoin-is-on-the-Move,"[-0.9774337410926819, 0.30219751596450806, 1.201249361038208]"
2023-10-13 20:00:46+00:00,Bloomberg analysts Eric Balchunas and James Seyffart predicted in a note yesterday that a spot Bitcoin exchange-traded fund (ETF) has a 90% chance of approval by January 2024.https://twitter.com/JSeyff/status/1712900403090559398The analysts cited recent updates to the spot Bitcoin ETF prospectus...,positive,0.5067919492721558,https://cryptopanic.com/news/18968129/Bitcoin-Spot-ETF-90-Shot-at-Approval-in-January-2024-Bloomberg-Analysts,"[1.0988856554031372, -2.506805896759033, 1.0434021949768066]"
2023-10-13 15:12:06+00:00,It was learned that IMF officials held an important meeting with El Salvador executives and Bitcoin was also on the agenda. Continue Reading: JUST IN: Critical Bitcoin Warning from IMF to El Salvador – Will Bitcoin’s Official Currency Status Change?,neutral,0.9277362823486328,https://cryptopanic.com/news/18967590/JUST-IN-Critical-Bitcoin-Warning-from-IMF-to-El-Salvador-Will-Bitcoins-Official-Currency-Status-Change,"[-0.7365235090255737, -1.1203275918960571, 2.3354485034942627]"
2023-10-12 08:35:53+00:00,"As the geopolitical situation around the world tenses up, the markets respond, including the cryptocurrency sector, with its representative asset, … Continued",positive,0.8613345623016357,https://cryptopanic.com/news/18963852/Bitcoin-bull-run-to-reignite-if-BTC-secures-this-price-level,"[1.6932644844055176, -1.8283865451812744, -0.3359512388706207]"
2023-10-11 13:30:23+00:00,CNBC's loudest financial advisor appears frustrated by the current investment landscape and thinks bitcoin is of no interest.,negative,0.9571347832679749,https://cryptopanic.com/news/18962018/Jim-Cramer-warns-Mr-Bitcoin-is-about-to-go-down-big,"[-1.9025862216949463, 2.8626608848571777, -0.45426416397094727]"
2023-10-10 08:47:24+00:00,"After the long-standing conflict in the Middle East took an unprecedented turn with the massive terrorist attack on Israeli soil, … Continued",negative,0.4589489698410034,https://cryptopanic.com/news/18958590/The-war-in-Israel-escalates-How-will-crypto-market-react,"[-0.3769494593143463, 0.6093085408210754, 0.39353981614112854]"
2023-10-09 11:31:06+00:00,"Three years into the bold ‘Bitcoin Initiative’ by MicroStrategy co-founder Michael Saylor, which has seen his company steadily purchasing Bitcoin … Continued",positive,0.8342767953872681,https://cryptopanic.com/news/18956592/Michael-Saylor-would-be-up-25-billion-if-he-chose-Ethereum-over-Bitcoin,"[1.9182069301605225, -2.5852017402648926, 0.24461302161216736]"
2023-10-09 11:00:33+00:00,"Bitcoin (BTC) has commenced the week with substantial volatility, plunging below the $27,700 mark. Currently trading at $27,546, the premier digital … Continued",negative,0.9538769125938416,https://cryptopanic.com/news/18956477/Bitcoins-rocky-start-Price-drops-below-277k-can-BTC-recover,"[-0.9547029137611389, 2.5168070793151855, -1.541210412979126]"
2023-10-09 09:25:01+00:00,"After an astounding first half of the year that saw Bitcoin’s (BTC) price briefly surge above the $30,000 mark, the … Continued",positive,0.703167200088501,https://cryptopanic.com/news/18956268/Here-are-key-catalysts-set-to-fuel-2024-crypto-bull-market,"[0.9688199162483215, -0.3278749883174896, -0.9369850158691406]"
2023-10-08 09:14:23+00:00,"Sam Altman, the founder of OpenAI, the parent company behind the interactive artificial intelligence (AI) platform ChatGPT, has voiced his … Continued",neutral,0.630479097366333,https://cryptopanic.com/news/18954937/ChatGPT-CEO-warns-US-government-wants-to-control-Bitcoin,"[0.679181694984436, -1.7583868503570557, 1.2972190380096436]"
2023-10-07 11:03:34+00:00,"Recently, Bitcoin (BTC) has garnered growing support from traditional financial institutions that see the asset as a potential hedge against … Continued",positive,0.9299811720848083,https://cryptopanic.com/news/18954002/Jefferies-Bitcoin-is-a-critical-hedge-against-inflation-belongs-in-same-bag-as-gold,"[1.9524480104446411, -2.277998685836792, -0.8486281633377075]"
2023-10-07 09:49:10+00:00,"In a year marked by economic uncertainty, persistently high inflation, and concerns over rising interest rates, Bitcoin (BTC) has emerged … Continued",positive,0.8382105827331543,https://cryptopanic.com/news/18953900/Bitcoin-is-2023s-best-performing-asset-among-40-wealth-classes,"[1.4663454294204712, -0.3691806495189667, -1.9302219152450562]"
2023-10-05 14:55:02+00:00,"Bitcoin (BTC) stands at an intriguing crossroads, displaying resilience and sparking debates among crypto market analysts. With a current trading … Continued",positive,0.9049533605575562,https://cryptopanic.com/news/18950188/Bulls-vs-Bears-Crypto-analysts-split-on-Bitcoin-predictions,"[1.924095630645752, -2.228069543838501, -0.491668164730072]"
2023-10-05 12:40:31+00:00,"Democrat presidential candidate Robert F. Kennedy Jr., who has gained prominence in the cryptocurrency sector thanks to his support for … Continued",positive,0.8066586852073669,https://cryptopanic.com/news/18949786/Robert-F-Kennedy-vows-to-end-of-White-House-war-on-Bitcoin-if-elected,"[1.766987919807434, -2.490973949432373, 0.277688592672348]"
2023-10-05 08:50:24+00:00,"Although Bitcoin (BTC) is largely back in the sideways trading action, much like the majority of assets in the cryptocurrency … Continued",neutral,0.8267644643783569,https://cryptopanic.com/news/18949144/Bitcoin-to-make-big-move-in-the-next-5-10-weeks-These-are-the-targets,"[-0.6158125400543213, -0.6338045597076416, 1.6312466859817505]"
2023-10-04 16:58:36+00:00,"According to @Pledditor, the Satoshi and Bitcoin X profiles are no different from a fake Tesla or Elon Musk account.",neutral,0.9355599880218506,https://cryptopanic.com/news/18947903/X-user-wants-deceptive-Satoshi-and-Bitcoin-accounts-to-lose-checkmarks,"[-1.1372512578964233, -0.7118625044822693, 2.466451644897461]"
2023-10-04 14:03:47+00:00,"Although Bitcoin (BTC) is back in the largely sideways trading mode, much like the majority of other assets in the … Continued",neutral,0.835146963596344,https://cryptopanic.com/news/18947455/Bitcoin-2023-2027-outlook-Bull-run-possible-shortly-before-halving,"[-0.09454891830682755, -1.4276790618896484, 1.7620097398757935]"
2023-10-04 12:27:20+00:00,"Following his observations of a concerning trend in the cryptocurrency market, Bloomberg’s senior commodity strategist has more recently predicted a … Continued",positive,0.46996739506721497,https://cryptopanic.com/news/18947110/Commodities-expert-warns-of-lingering-crypto-hangover,"[0.48141664266586304, 0.4463889002799988, -1.3373324871063232]"
